sheet,first_page,last_page,path,bytes,sha256
1,1,20,C:\Users\<USER>\Documents\interlanguage\03_projects\language_management\cjk\03_working_translations\stacks_cjk_20260821\canon\zh-hans-cn\qa\visual\contact-sheets-8E1ADB8F\sheet-001-pages-001-020.jpg,373293,CF56E498EA7386B71D56E53CED259687D4802BEC7E331C87C8BF4780764DACCA
2,21,40,C:\Users\<USER>\Documents\interlanguage\03_projects\language_management\cjk\03_working_translations\stacks_cjk_20260821\canon\zh-hans-cn\qa\visual\contact-sheets-8E1ADB8F\sheet-002-pages-021-040.jpg,418038,B4FA131B119ADBFE4612F58D6022F4E5EC4D33C7589004345C18261EC6F74389
3,41,60,C:\Users\<USER>\Documents\interlanguage\03_projects\language_management\cjk\03_working_translations\stacks_cjk_20260821\canon\zh-hans-cn\qa\visual\contact-sheets-8E1ADB8F\sheet-003-pages-041-060.jpg,413480,170EB30311ABA6E02BFF9DEC884BE1EED829E452DA3F53F2077F7AB84B852B2D
4,61,80,C:\Users\<USER>\Documents\interlanguage\03_projects\language_management\cjk\03_working_translations\stacks_cjk_20260821\canon\zh-hans-cn\qa\visual\contact-sheets-8E1ADB8F\sheet-004-pages-061-080.jpg,466001,EBD2A628C2021EE25650FBCA328D37F54D60A12A21E17AD595ACBE28DE599842
5,81,100,C:\Users\<USER>\Documents\interlanguage\03_projects\language_management\cjk\03_working_translations\stacks_cjk_20260821\canon\zh-hans-cn\qa\visual\contact-sheets-8E1ADB8F\sheet-005-pages-081-100.jpg,666200,9866E3CA7003F5021941D791AD3195CC383C27B2EB1C667F253AEA29A4A9744B
6,101,120,C:\Users\<USER>\Documents\interlanguage\03_projects\language_management\cjk\03_working_translations\stacks_cjk_20260821\canon\zh-hans-cn\qa\visual\contact-sheets-8E1ADB8F\sheet-006-pages-101-120.jpg,699324,BE92F45CE10F39A169936EF679BDA47DC4E8370D89C39210A28FE7ECC3A72439
7,121,140,C:\Users\<USER>\Documents\interlanguage\03_projects\language_management\cjk\03_working_translations\stacks_cjk_20260821\canon\zh-hans-cn\qa\visual\contact-sheets-8E1ADB8F\sheet-007-pages-121-140.jpg,593725,F4BBC50C3CDF8819C019BDCCD17C36CFE8E6362085BCA631EA95CE579972B3AA
8,141,160,C:\Users\<USER>\Documents\interlanguage\03_projects\language_management\cjk\03_working_translations\stacks_cjk_20260821\canon\zh-hans-cn\qa\visual\contact-sheets-8E1ADB8F\sheet-008-pages-141-160.jpg,717030,5292F138584B249E24D88973E9AB029579968487A8CAD9C4AAC9FAAAABEC49C0
9,161,180,C:\Users\<USER>\Documents\interlanguage\03_projects\language_management\cjk\03_working_translations\stacks_cjk_20260821\canon\zh-hans-cn\qa\visual\contact-sheets-8E1ADB8F\sheet-009-pages-161-180.jpg,686139,49620CF1B0F92381049C3D43C591FD11F7345BCEB497F8F4F0DDA2124209FB9A
10,181,200,C:\Users\<USER>\Documents\interlanguage\03_projects\language_management\cjk\03_working_translations\stacks_cjk_20260821\canon\zh-hans-cn\qa\visual\contact-sheets-8E1ADB8F\sheet-010-pages-181-200.jpg,796384,CD746BA7812F3DF329B3883A31825A4E8AFF5E28837E6184244E56F429F149EE
11,201,220,C:\Users\<USER>\Documents\interlanguage\03_projects\language_management\cjk\03_working_translations\stacks_cjk_20260821\canon\zh-hans-cn\qa\visual\contact-sheets-8E1ADB8F\sheet-011-pages-201-220.jpg,781002,CAC8BB9CB051629991FE277D635284CA0B0EFB323884EC3176BA36FE951E65C3
12,221,240,C:\Users\<USER>\Documents\interlanguage\03_projects\language_management\cjk\03_working_translations\stacks_cjk_20260821\canon\zh-hans-cn\qa\visual\contact-sheets-8E1ADB8F\sheet-012-pages-221-240.jpg,646583,FE7A84703C6819957AADF3DAE734BCEAEBD61E08810E1D9785C7A9B2DA9D0D27
13,241,260,C:\Users\<USER>\Documents\interlanguage\03_projects\language_management\cjk\03_working_translations\stacks_cjk_20260821\canon\zh-hans-cn\qa\visual\contact-sheets-8E1ADB8F\sheet-013-pages-241-260.jpg,694067,C743792088D1C9F9F070AF06D9F88550A19487CE23BDB77ED48914E908FFDF81
14,261,280,C:\Users\<USER>\Documents\interlanguage\03_projects\language_management\cjk\03_working_translations\stacks_cjk_20260821\canon\zh-hans-cn\qa\visual\contact-sheets-8E1ADB8F\sheet-014-pages-261-280.jpg,745365,AFC90D6F72F05225476028FA8BCCA1A93A4146235BD7CF6BDCCA0598F23E7F53
15,281,300,C:\Users\<USER>\Documents\interlanguage\03_projects\language_management\cjk\03_working_translations\stacks_cjk_20260821\canon\zh-hans-cn\qa\visual\contact-sheets-8E1ADB8F\sheet-015-pages-281-300.jpg,659722,87A42C6C59500F029E7AD0F6F48E7E9F406F60FC64A0E36D7BA793F179418F00
16,301,320,C:\Users\<USER>\Documents\interlanguage\03_projects\language_management\cjk\03_working_translations\stacks_cjk_20260821\canon\zh-hans-cn\qa\visual\contact-sheets-8E1ADB8F\sheet-016-pages-301-320.jpg,676305,3B704065BDF895DFC69F6F5506ACDFD94BE20D36444A9DC9764C9814EE1187F8
17,321,340,C:\Users\<USER>\Documents\interlanguage\03_projects\language_management\cjk\03_working_translations\stacks_cjk_20260821\canon\zh-hans-cn\qa\visual\contact-sheets-8E1ADB8F\sheet-017-pages-321-340.jpg,683279,78CC87D1DECC636F4078D445965DA84F5A3B482FBD1599F27FA570403E4E36F1
18,341,360,C:\Users\<USER>\Documents\interlanguage\03_projects\language_management\cjk\03_working_translations\stacks_cjk_20260821\canon\zh-hans-cn\qa\visual\contact-sheets-8E1ADB8F\sheet-018-pages-341-360.jpg,718039,3EFF96B7E3F2A20DCBC11A481A4FD512FAAA4D2218916FB04AA3C5CDA20D5BB9
19,361,380,C:\Users\<USER>\Documents\interlanguage\03_projects\language_management\cjk\03_working_translations\stacks_cjk_20260821\canon\zh-hans-cn\qa\visual\contact-sheets-8E1ADB8F\sheet-019-pages-361-380.jpg,726258,3D00D23C66709EA88BC21DF4D295083DAECFA982514006EF98A9ACC30709190C
20,381,400,C:\Users\<USER>\Documents\interlanguage\03_projects\language_management\cjk\03_working_translations\stacks_cjk_20260821\canon\zh-hans-cn\qa\visual\contact-sheets-8E1ADB8F\sheet-020-pages-381-400.jpg,722578,D0E7F881B8FEA2D77B316BC5F34A39ED40264F1F6B00EE5111262D5B12432C4C
21,401,420,C:\Users\<USER>\Documents\interlanguage\03_projects\language_management\cjk\03_working_translations\stacks_cjk_20260821\canon\zh-hans-cn\qa\visual\contact-sheets-8E1ADB8F\sheet-021-pages-401-420.jpg,670653,42E0FD5706B9A1933842D63ECB97D02059B81387520D320E3A35872F12F3CAEB
22,421,440,C:\Users\<USER>\Documents\interlanguage\03_projects\language_management\cjk\03_working_translations\stacks_cjk_20260821\canon\zh-hans-cn\qa\visual\contact-sheets-8E1ADB8F\sheet-022-pages-421-440.jpg,767729,CB83CB49158F268363C13ED80528F92E97374264241EB23E792338BB36AC7CA4
23,441,460,C:\Users\<USER>\Documents\interlanguage\03_projects\language_management\cjk\03_working_translations\stacks_cjk_20260821\canon\zh-hans-cn\qa\visual\contact-sheets-8E1ADB8F\sheet-023-pages-441-460.jpg,778432,8BF25201F17C9CC7D240CC8E8C5F8F874BFC0A886F6799E06FFFCE0705F5E8A8
24,461,480,C:\Users\<USER>\Documents\interlanguage\03_projects\language_management\cjk\03_working_translations\stacks_cjk_20260821\canon\zh-hans-cn\qa\visual\contact-sheets-8E1ADB8F\sheet-024-pages-461-480.jpg,738845,25B7E5890EE49D04D8D2A047C43512D200DA386FF1B82014728C316FA060EDBC
25,481,500,C:\Users\<USER>\Documents\interlanguage\03_projects\language_management\cjk\03_working_translations\stacks_cjk_20260821\canon\zh-hans-cn\qa\visual\contact-sheets-8E1ADB8F\sheet-025-pages-481-500.jpg,762341,E482EEAA5B9E4A8AA368730BB2E92FEC1323C6725D7CA6EF9AE06E465C6D2348
26,501,520,C:\Users\<USER>\Documents\interlanguage\03_projects\language_management\cjk\03_working_translations\stacks_cjk_20260821\canon\zh-hans-cn\qa\visual\contact-sheets-8E1ADB8F\sheet-026-pages-501-520.jpg,777683,2406B397605CDA19CB3657446380D9988DD3EF25DC1DEEBE01C438B81F6C768C
27,521,540,C:\Users\<USER>\Documents\interlanguage\03_projects\language_management\cjk\03_working_translations\stacks_cjk_20260821\canon\zh-hans-cn\qa\visual\contact-sheets-8E1ADB8F\sheet-027-pages-521-540.jpg,731539,0AA11D7523DF57C8F9CC07C57426E0D6C42369CF571FABE7D8C741D3A4366BB5
28,541,560,C:\Users\<USER>\Documents\interlanguage\03_projects\language_management\cjk\03_working_translations\stacks_cjk_20260821\canon\zh-hans-cn\qa\visual\contact-sheets-8E1ADB8F\sheet-028-pages-541-560.jpg,748234,E1865B8C2A6FBE0CE00CEB1F2291C2D34B995B33A81318F1AA38CC419AA73D2B
29,561,580,C:\Users\<USER>\Documents\interlanguage\03_projects\language_management\cjk\03_working_translations\stacks_cjk_20260821\canon\zh-hans-cn\qa\visual\contact-sheets-8E1ADB8F\sheet-029-pages-561-580.jpg,747521,70C4678CA831CFCFA2D101A64A50F47D8A6E9184710DCE8B3DBC1F74A2632051
30,581,600,C:\Users\<USER>\Documents\interlanguage\03_projects\language_management\cjk\03_working_translations\stacks_cjk_20260821\canon\zh-hans-cn\qa\visual\contact-sheets-8E1ADB8F\sheet-030-pages-581-600.jpg,766034,934CA76D6AC510FC0D18A2B34D717564E109D78DBC6CD558A4ED3B382922001C
31,601,620,C:\Users\<USER>\Documents\interlanguage\03_projects\language_management\cjk\03_working_translations\stacks_cjk_20260821\canon\zh-hans-cn\qa\visual\contact-sheets-8E1ADB8F\sheet-031-pages-601-620.jpg,757348,1622E3A3FD277D5008AD8A285C3999758E91D5DF1A53DCDBA816C63AD66FC2CF
32,621,640,C:\Users\<USER>\Documents\interlanguage\03_projects\language_management\cjk\03_working_translations\stacks_cjk_20260821\canon\zh-hans-cn\qa\visual\contact-sheets-8E1ADB8F\sheet-032-pages-621-640.jpg,807190,D69C0874B91137F6EFB22D81D33A34D26750F5DD69E7F840C8C9C6EF9FA4E958
33,641,660,C:\Users\<USER>\Documents\interlanguage\03_projects\language_management\cjk\03_working_translations\stacks_cjk_20260821\canon\zh-hans-cn\qa\visual\contact-sheets-8E1ADB8F\sheet-033-pages-641-660.jpg,743219,ED3518172EE7FC61D3B56ACCE97D6A27600E550E9D3374E2661F74B53EE8F85D
34,661,680,C:\Users\<USER>\Documents\interlanguage\03_projects\language_management\cjk\03_working_translations\stacks_cjk_20260821\canon\zh-hans-cn\qa\visual\contact-sheets-8E1ADB8F\sheet-034-pages-661-680.jpg,730382,A242457B5322F154E8961E9EEB8CF407AEE7593A46150812D8A76E3B6D7A00FF
35,681,700,C:\Users\<USER>\Documents\interlanguage\03_projects\language_management\cjk\03_working_translations\stacks_cjk_20260821\canon\zh-hans-cn\qa\visual\contact-sheets-8E1ADB8F\sheet-035-pages-681-700.jpg,716221,E714C7FD8ECBEE08D52CA226CE43CC9996CD0432B01E328B566AD934D7BD8D31
36,701,720,C:\Users\<USER>\Documents\interlanguage\03_projects\language_management\cjk\03_working_translations\stacks_cjk_20260821\canon\zh-hans-cn\qa\visual\contact-sheets-8E1ADB8F\sheet-036-pages-701-720.jpg,720901,614D30B54C7C40B57BDCEC7029E0F28890E6557913066C8C4641A045A43E715E
37,721,740,C:\Users\<USER>\Documents\interlanguage\03_projects\language_management\cjk\03_working_translations\stacks_cjk_20260821\canon\zh-hans-cn\qa\visual\contact-sheets-8E1ADB8F\sheet-037-pages-721-740.jpg,765498,EA03861C4D2F786F4C4D1774003887DD8AA77A9C6E7CE8F24A858A1C4FFE95E3
38,741,760,C:\Users\<USER>\Documents\interlanguage\03_projects\language_management\cjk\03_working_translations\stacks_cjk_20260821\canon\zh-hans-cn\qa\visual\contact-sheets-8E1ADB8F\sheet-038-pages-741-760.jpg,761183,678668BE596776356CB79128B94CA31762BEBE0807D449ABEB6E26E56FFEA1D1
39,761,780,C:\Users\<USER>\Documents\interlanguage\03_projects\language_management\cjk\03_working_translations\stacks_cjk_20260821\canon\zh-hans-cn\qa\visual\contact-sheets-8E1ADB8F\sheet-039-pages-761-780.jpg,678612,F7DBB914B99AA4467E484AC4481CC617DC45B71613AF4C6D48FB3D84D7729240
40,781,800,C:\Users\<USER>\Documents\interlanguage\03_projects\language_management\cjk\03_working_translations\stacks_cjk_20260821\canon\zh-hans-cn\qa\visual\contact-sheets-8E1ADB8F\sheet-040-pages-781-800.jpg,628637,C5FC35F7155F548E8D11D5541DC8BF8EC2B8F62D898BF01B1EF5F6EBE406B216
41,801,820,C:\Users\<USER>\Documents\interlanguage\03_projects\language_management\cjk\03_working_translations\stacks_cjk_20260821\canon\zh-hans-cn\qa\visual\contact-sheets-8E1ADB8F\sheet-041-pages-801-820.jpg,646308,B2FB09979963B8AD813453ACB02409D4D31692355BC616F9B523AED0A7E82A4D
42,821,840,C:\Users\<USER>\Documents\interlanguage\03_projects\language_management\cjk\03_working_translations\stacks_cjk_20260821\canon\zh-hans-cn\qa\visual\contact-sheets-8E1ADB8F\sheet-042-pages-821-840.jpg,689990,39E12316DC4AA7E6E71C38037A0936F17BCD86AD462E9E69DAC6D1CAE3ABE529
43,841,860,C:\Users\<USER>\Documents\interlanguage\03_projects\language_management\cjk\03_working_translations\stacks_cjk_20260821\canon\zh-hans-cn\qa\visual\contact-sheets-8E1ADB8F\sheet-043-pages-841-860.jpg,685082,7CD082574BD1AE486B7379020EBDEE7619A6DF4EFB00BF958A5EDA276FE4D60B
44,861,880,C:\Users\<USER>\Documents\interlanguage\03_projects\language_management\cjk\03_working_translations\stacks_cjk_20260821\canon\zh-hans-cn\qa\visual\contact-sheets-8E1ADB8F\sheet-044-pages-861-880.jpg,716307,3482F6794572ABDEDE72D298DE299417E186BFCE852FC1AF352AB55EF44276E2
45,881,900,C:\Users\<USER>\Documents\interlanguage\03_projects\language_management\cjk\03_working_translations\stacks_cjk_20260821\canon\zh-hans-cn\qa\visual\contact-sheets-8E1ADB8F\sheet-045-pages-881-900.jpg,685195,6DF5825163966AB325EE958F290B0BF11E06B45C975FF046416C8D049176CFB6
46,901,920,C:\Users\<USER>\Documents\interlanguage\03_projects\language_management\cjk\03_working_translations\stacks_cjk_20260821\canon\zh-hans-cn\qa\visual\contact-sheets-8E1ADB8F\sheet-046-pages-901-920.jpg,694525,D5D8124A1954A8D34921AA2CAECD1838410677C7BE0929EB5F8E403BD86F61B1
47,921,940,C:\Users\<USER>\Documents\interlanguage\03_projects\language_management\cjk\03_working_translations\stacks_cjk_20260821\canon\zh-hans-cn\qa\visual\contact-sheets-8E1ADB8F\sheet-047-pages-921-940.jpg,647219,D60F577F1BF4577E232E0A6693D48E994A2044D889690ADEABC218B8AA8DF248
48,941,960,C:\Users\<USER>\Documents\interlanguage\03_projects\language_management\cjk\03_working_translations\stacks_cjk_20260821\canon\zh-hans-cn\qa\visual\contact-sheets-8E1ADB8F\sheet-048-pages-941-960.jpg,659324,7D8ED2F2E60CB9A0FEDB39C2B46D72718D127613392DA90AD3C1359E74CAC8DA
49,961,980,C:\Users\<USER>\Documents\interlanguage\03_projects\language_management\cjk\03_working_translations\stacks_cjk_20260821\canon\zh-hans-cn\qa\visual\contact-sheets-8E1ADB8F\sheet-049-pages-961-980.jpg,691732,3877FC48D5A2B254E9FA1B5E8EEB5F40EE416E3FE7EBA8F2D506639A1D50413B
50,981,1000,C:\Users\<USER>\Documents\interlanguage\03_projects\language_management\cjk\03_working_translations\stacks_cjk_20260821\canon\zh-hans-cn\qa\visual\contact-sheets-8E1ADB8F\sheet-050-pages-981-1000.jpg,640786,65BB290246D9523CDD07BDDF2FC209E814895FB2C70154EA1331A95E47C67850
51,1001,1020,C:\Users\<USER>\Documents\interlanguage\03_projects\language_management\cjk\03_working_translations\stacks_cjk_20260821\canon\zh-hans-cn\qa\visual\contact-sheets-8E1ADB8F\sheet-051-pages-1001-1020.jpg,789203,CFAF7515BEDA12622FCD56E582835BC9952F5A1C2D841F8F3583AB1694499E32
52,1021,1040,C:\Users\<USER>\Documents\interlanguage\03_projects\language_management\cjk\03_working_translations\stacks_cjk_20260821\canon\zh-hans-cn\qa\visual\contact-sheets-8E1ADB8F\sheet-052-pages-1021-1040.jpg,758671,1BFB3F5BF33D4937AAF8B5031519F33489E900051EEE02E527474F40E801588A
53,1041,1060,C:\Users\<USER>\Documents\interlanguage\03_projects\language_management\cjk\03_working_translations\stacks_cjk_20260821\canon\zh-hans-cn\qa\visual\contact-sheets-8E1ADB8F\sheet-053-pages-1041-1060.jpg,710335,9F94B1364904D80CED4A91F4EF24B8D091B9D2FF694A283C98BD4EF959C74B62
54,1061,1080,C:\Users\<USER>\Documents\interlanguage\03_projects\language_management\cjk\03_working_translations\stacks_cjk_20260821\canon\zh-hans-cn\qa\visual\contact-sheets-8E1ADB8F\sheet-054-pages-1061-1080.jpg,713629,E654CFF34B338591FBA06E80AB71EC9E20AB66E154EAA225B3910AFA40547408
55,1081,1100,C:\Users\<USER>\Documents\interlanguage\03_projects\language_management\cjk\03_working_translations\stacks_cjk_20260821\canon\zh-hans-cn\qa\visual\contact-sheets-8E1ADB8F\sheet-055-pages-1081-1100.jpg,766251,381B47205BEC3C66E1DE0E64E17E5D4E3CE2548A2CA787F42D1DC7E5BB8D552C
56,1101,1120,C:\Users\<USER>\Documents\interlanguage\03_projects\language_management\cjk\03_working_translations\stacks_cjk_20260821\canon\zh-hans-cn\qa\visual\contact-sheets-8E1ADB8F\sheet-056-pages-1101-1120.jpg,700650,88F4EB1C4591FC39FF3F1AB048703727154E0D3DCB5D09845E6E325F377A4E0A
57,1121,1140,C:\Users\<USER>\Documents\interlanguage\03_projects\language_management\cjk\03_working_translations\stacks_cjk_20260821\canon\zh-hans-cn\qa\visual\contact-sheets-8E1ADB8F\sheet-057-pages-1121-1140.jpg,731190,3C91844FC08ABC7A624C0EA1FF0FCDDAB8C0CD573F7BEF417057F5DF32160BCB
58,1141,1160,C:\Users\<USER>\Documents\interlanguage\03_projects\language_management\cjk\03_working_translations\stacks_cjk_20260821\canon\zh-hans-cn\qa\visual\contact-sheets-8E1ADB8F\sheet-058-pages-1141-1160.jpg,760466,32AA9BAE97F7292E99559D20D6B7D2EA3970CA08D73C46C25F4DCA92726E0D3E
59,1161,1180,C:\Users\<USER>\Documents\interlanguage\03_projects\language_management\cjk\03_working_translations\stacks_cjk_20260821\canon\zh-hans-cn\qa\visual\contact-sheets-8E1ADB8F\sheet-059-pages-1161-1180.jpg,746171,32D560C9BD3EDF228E7823AC543BE570860FE031BDC8BAEB95D0F36605984508
60,1181,1200,C:\Users\<USER>\Documents\interlanguage\03_projects\language_management\cjk\03_working_translations\stacks_cjk_20260821\canon\zh-hans-cn\qa\visual\contact-sheets-8E1ADB8F\sheet-060-pages-1181-1200.jpg,740042,D237E4B3C4238A904A35D1160AB7401D6BB797C2E30D35B80DE7AF0080F88EBC
61,1201,1220,C:\Users\<USER>\Documents\interlanguage\03_projects\language_management\cjk\03_working_translations\stacks_cjk_20260821\canon\zh-hans-cn\qa\visual\contact-sheets-8E1ADB8F\sheet-061-pages-1201-1220.jpg,733468,A825B2B8799092A22FD93972B9382642D0FFE42B49FEF709750085A77F907D58
62,1221,1240,C:\Users\<USER>\Documents\interlanguage\03_projects\language_management\cjk\03_working_translations\stacks_cjk_20260821\canon\zh-hans-cn\qa\visual\contact-sheets-8E1ADB8F\sheet-062-pages-1221-1240.jpg,703937,BD556DBEA1776CD344AA1E1BA4F5FE47F1ADE2DF2D7716D82912EDAE713807F1
63,1241,1260,C:\Users\<USER>\Documents\interlanguage\03_projects\language_management\cjk\03_working_translations\stacks_cjk_20260821\canon\zh-hans-cn\qa\visual\contact-sheets-8E1ADB8F\sheet-063-pages-1241-1260.jpg,803776,7834E822587ADC37DEB2E729C5C2FE4D64AD07DF9D6A18D9F6FD56E4C69241F5
64,1261,1280,C:\Users\<USER>\Documents\interlanguage\03_projects\language_management\cjk\03_working_translations\stacks_cjk_20260821\canon\zh-hans-cn\qa\visual\contact-sheets-8E1ADB8F\sheet-064-pages-1261-1280.jpg,761467,CCBBA3CD8473DB8A3B53D209BBD8B76B9F22636A409C6E731E02864211ECC963
65,1281,1300,C:\Users\<USER>\Documents\interlanguage\03_projects\language_management\cjk\03_working_translations\stacks_cjk_20260821\canon\zh-hans-cn\qa\visual\contact-sheets-8E1ADB8F\sheet-065-pages-1281-1300.jpg,723856,98A63CB3762B42907A933BA080699EE2B26D70470196F2DF94AF480D5018EA82
66,1301,1320,C:\Users\<USER>\Documents\interlanguage\03_projects\language_management\cjk\03_working_translations\stacks_cjk_20260821\canon\zh-hans-cn\qa\visual\contact-sheets-8E1ADB8F\sheet-066-pages-1301-1320.jpg,727726,304C599EEF6CE07101426133BF42F14AC95EC344D8FC607890E07F5004B2738E
67,1321,1340,C:\Users\<USER>\Documents\interlanguage\03_projects\language_management\cjk\03_working_translations\stacks_cjk_20260821\canon\zh-hans-cn\qa\visual\contact-sheets-8E1ADB8F\sheet-067-pages-1321-1340.jpg,730320,A7A07D3EB8AA6CEEDBCE312D684A5FFBA649D631A7004BF86E2E7DB8BD181412
68,1341,1360,C:\Users\<USER>\Documents\interlanguage\03_projects\language_management\cjk\03_working_translations\stacks_cjk_20260821\canon\zh-hans-cn\qa\visual\contact-sheets-8E1ADB8F\sheet-068-pages-1341-1360.jpg,700069,A7C0EDC09CA3CDF11589C938BEF34B788EECC518BBB0B9B67E4CBCEFA1AB5DAB
69,1361,1380,C:\Users\<USER>\Documents\interlanguage\03_projects\language_management\cjk\03_working_translations\stacks_cjk_20260821\canon\zh-hans-cn\qa\visual\contact-sheets-8E1ADB8F\sheet-069-pages-1361-1380.jpg,641073,9D215B4DE7D4FFC1E4698737CBAB89EC097399560575BD95CC542EE4142AD46B
70,1381,1400,C:\Users\<USER>\Documents\interlanguage\03_projects\language_management\cjk\03_working_translations\stacks_cjk_20260821\canon\zh-hans-cn\qa\visual\contact-sheets-8E1ADB8F\sheet-070-pages-1381-1400.jpg,664291,858208DD4F0998EE7C50B00C1E316C04C9568B015BBDE2DBE0F95E18DD37B4D8
71,1401,1420,C:\Users\<USER>\Documents\interlanguage\03_projects\language_management\cjk\03_working_translations\stacks_cjk_20260821\canon\zh-hans-cn\qa\visual\contact-sheets-8E1ADB8F\sheet-071-pages-1401-1420.jpg,662380,B0519BD3EFFE3E45124034D67D9D06145FDF5847626CA6F5D3CA62234DC8F887
72,1421,1440,C:\Users\<USER>\Documents\interlanguage\03_projects\language_management\cjk\03_working_translations\stacks_cjk_20260821\canon\zh-hans-cn\qa\visual\contact-sheets-8E1ADB8F\sheet-072-pages-1421-1440.jpg,675588,8C0E6C8D120B6C759F9A32CE7512F9E53E349E9DDD9AC1BC9F0ED823846D66AC
73,1441,1460,C:\Users\<USER>\Documents\interlanguage\03_projects\language_management\cjk\03_working_translations\stacks_cjk_20260821\canon\zh-hans-cn\qa\visual\contact-sheets-8E1ADB8F\sheet-073-pages-1441-1460.jpg,704748,94F01BF1C99F662E29603FD3C7C581686FDFED5A042AA3AA40B8B4F9430520B4
74,1461,1480,C:\Users\<USER>\Documents\interlanguage\03_projects\language_management\cjk\03_working_translations\stacks_cjk_20260821\canon\zh-hans-cn\qa\visual\contact-sheets-8E1ADB8F\sheet-074-pages-1461-1480.jpg,644262,F8C50A36055C772B34336778E88F5F80813E3B6F030B4D4F09BB91AF3BB7D1A1
75,1481,1500,C:\Users\<USER>\Documents\interlanguage\03_projects\language_management\cjk\03_working_translations\stacks_cjk_20260821\canon\zh-hans-cn\qa\visual\contact-sheets-8E1ADB8F\sheet-075-pages-1481-1500.jpg,674007,333F90B7A421A64E9AF17802799A5413EA8954761F78533FE251E452805735AB
76,1501,1520,C:\Users\<USER>\Documents\interlanguage\03_projects\language_management\cjk\03_working_translations\stacks_cjk_20260821\canon\zh-hans-cn\qa\visual\contact-sheets-8E1ADB8F\sheet-076-pages-1501-1520.jpg,641717,9839EFFDD3923A04F2A9B81967653F9B6CF1117DC63DFA1CFF5ADC1B84BFD368
77,1521,1540,C:\Users\<USER>\Documents\interlanguage\03_projects\language_management\cjk\03_working_translations\stacks_cjk_20260821\canon\zh-hans-cn\qa\visual\contact-sheets-8E1ADB8F\sheet-077-pages-1521-1540.jpg,686528,129D5FF3ADD10120E174B8323917832692B8CDED89A651D738FC1CFC303916F8
78,1541,1560,C:\Users\<USER>\Documents\interlanguage\03_projects\language_management\cjk\03_working_translations\stacks_cjk_20260821\canon\zh-hans-cn\qa\visual\contact-sheets-8E1ADB8F\sheet-078-pages-1541-1560.jpg,738790,78A9E5842CFFF64E061816630AAA905009CE44062E7D843A7F4AC2095CE32400
79,1561,1580,C:\Users\<USER>\Documents\interlanguage\03_projects\language_management\cjk\03_working_translations\stacks_cjk_20260821\canon\zh-hans-cn\qa\visual\contact-sheets-8E1ADB8F\sheet-079-pages-1561-1580.jpg,639120,6EACFAE8E16671453D44C2E271CFED0B1476F5569CFD1C7227C148A69D05A9EA
80,1581,1600,C:\Users\<USER>\Documents\interlanguage\03_projects\language_management\cjk\03_working_translations\stacks_cjk_20260821\canon\zh-hans-cn\qa\visual\contact-sheets-8E1ADB8F\sheet-080-pages-1581-1600.jpg,712804,A2EBDE009574C12A9B60F7B5F591F84C1A0D27953FBBBD45BA65941B5AD493F4
81,1601,1620,C:\Users\<USER>\Documents\interlanguage\03_projects\language_management\cjk\03_working_translations\stacks_cjk_20260821\canon\zh-hans-cn\qa\visual\contact-sheets-8E1ADB8F\sheet-081-pages-1601-1620.jpg,695894,39844EDBCB326E03EDD29B6156C1DC0DC3A4EFA507A5FB9D6209B1C4C8D7EEB2
82,1621,1640,C:\Users\<USER>\Documents\interlanguage\03_projects\language_management\cjk\03_working_translations\stacks_cjk_20260821\canon\zh-hans-cn\qa\visual\contact-sheets-8E1ADB8F\sheet-082-pages-1621-1640.jpg,689063,5A1941F9555CCA7BCBB1EFC560DAF3A8AD95B7EFAA3C9B67D67C06D74458D233
83,1641,1660,C:\Users\<USER>\Documents\interlanguage\03_projects\language_management\cjk\03_working_translations\stacks_cjk_20260821\canon\zh-hans-cn\qa\visual\contact-sheets-8E1ADB8F\sheet-083-pages-1641-1660.jpg,694623,04217440500C4B4B254F6345F5A8AC46A10A5BE4240FB0BB9A1302F1B6C364E1
84,1661,1680,C:\Users\<USER>\Documents\interlanguage\03_projects\language_management\cjk\03_working_translations\stacks_cjk_20260821\canon\zh-hans-cn\qa\visual\contact-sheets-8E1ADB8F\sheet-084-pages-1661-1680.jpg,756105,47B6D33BAEAE95505C14DCE9363F2BC677FBBA4EBA968FEB0FC5DD0FA1876A37
85,1681,1700,C:\Users\<USER>\Documents\interlanguage\03_projects\language_management\cjk\03_working_translations\stacks_cjk_20260821\canon\zh-hans-cn\qa\visual\contact-sheets-8E1ADB8F\sheet-085-pages-1681-1700.jpg,664349,75935ABB626F39DDECFD8B8EF04F0D674F0C56A478D8B855B3C91E52497166EA
86,1701,1720,C:\Users\<USER>\Documents\interlanguage\03_projects\language_management\cjk\03_working_translations\stacks_cjk_20260821\canon\zh-hans-cn\qa\visual\contact-sheets-8E1ADB8F\sheet-086-pages-1701-1720.jpg,619486,DAD4F86034701E64B589A5C0C13DBD0D07ECF10EA1829E400811317C1D0481A1
87,1721,1740,C:\Users\<USER>\Documents\interlanguage\03_projects\language_management\cjk\03_working_translations\stacks_cjk_20260821\canon\zh-hans-cn\qa\visual\contact-sheets-8E1ADB8F\sheet-087-pages-1721-1740.jpg,695666,94CDD975B719E85EF7E2F9769C1D7C8356AC92E08564CBDCC65F899E2EB82692
88,1741,1760,C:\Users\<USER>\Documents\interlanguage\03_projects\language_management\cjk\03_working_translations\stacks_cjk_20260821\canon\zh-hans-cn\qa\visual\contact-sheets-8E1ADB8F\sheet-088-pages-1741-1760.jpg,731286,6F7022C29E926E71B4D19983F2872850C98712A113BE0A81B19DE5A7091A9664
89,1761,1780,C:\Users\<USER>\Documents\interlanguage\03_projects\language_management\cjk\03_working_translations\stacks_cjk_20260821\canon\zh-hans-cn\qa\visual\contact-sheets-8E1ADB8F\sheet-089-pages-1761-1780.jpg,622320,2C50695069B8000AE255AA4A26215E75DD141446E227EC3322298463013E4382
90,1781,1800,C:\Users\<USER>\Documents\interlanguage\03_projects\language_management\cjk\03_working_translations\stacks_cjk_20260821\canon\zh-hans-cn\qa\visual\contact-sheets-8E1ADB8F\sheet-090-pages-1781-1800.jpg,681387,5F33EB625D5E472F1DCEDC83CEA404116ECB570259B4F3019299832585782FC8
91,1801,1820,C:\Users\<USER>\Documents\interlanguage\03_projects\language_management\cjk\03_working_translations\stacks_cjk_20260821\canon\zh-hans-cn\qa\visual\contact-sheets-8E1ADB8F\sheet-091-pages-1801-1820.jpg,674629,BE816679D1DD61138608187126CACFE6F2CD9F4DA499D1C534F5694AC8C71E24
92,1821,1840,C:\Users\<USER>\Documents\interlanguage\03_projects\language_management\cjk\03_working_translations\stacks_cjk_20260821\canon\zh-hans-cn\qa\visual\contact-sheets-8E1ADB8F\sheet-092-pages-1821-1840.jpg,725891,D9999BA60BD2AED431C22C631B5E9DCF408C4639D033C9B324D5671C770018AF
93,1841,1860,C:\Users\<USER>\Documents\interlanguage\03_projects\language_management\cjk\03_working_translations\stacks_cjk_20260821\canon\zh-hans-cn\qa\visual\contact-sheets-8E1ADB8F\sheet-093-pages-1841-1860.jpg,764531,15853709124E99A0585286B5BC3D0230782EE992B54B5B2EB1D5AD97D450BC35
94,1861,1880,C:\Users\<USER>\Documents\interlanguage\03_projects\language_management\cjk\03_working_translations\stacks_cjk_20260821\canon\zh-hans-cn\qa\visual\contact-sheets-8E1ADB8F\sheet-094-pages-1861-1880.jpg,696033,CBCAFEDA80A2EEFAA43FA40649369C7EC0A87F48FAAB054E816952FD88C97845
95,1881,1900,C:\Users\<USER>\Documents\interlanguage\03_projects\language_management\cjk\03_working_translations\stacks_cjk_20260821\canon\zh-hans-cn\qa\visual\contact-sheets-8E1ADB8F\sheet-095-pages-1881-1900.jpg,732187,3832FE609F03BB38977912258614E11250EB2BA86018997ED974091836B90D5C
96,1901,1920,C:\Users\<USER>\Documents\interlanguage\03_projects\language_management\cjk\03_working_translations\stacks_cjk_20260821\canon\zh-hans-cn\qa\visual\contact-sheets-8E1ADB8F\sheet-096-pages-1901-1920.jpg,718026,BBD5D9AAC015B8DF525824FE3B6E2786829C3BF1D2057DF9515AC0192E517A57
97,1921,1940,C:\Users\<USER>\Documents\interlanguage\03_projects\language_management\cjk\03_working_translations\stacks_cjk_20260821\canon\zh-hans-cn\qa\visual\contact-sheets-8E1ADB8F\sheet-097-pages-1921-1940.jpg,766157,9FA6112DAA02C91C31EB475D790C5C81D0366E8FCCC3F5091E3D2B413DBB39C1
98,1941,1960,C:\Users\<USER>\Documents\interlanguage\03_projects\language_management\cjk\03_working_translations\stacks_cjk_20260821\canon\zh-hans-cn\qa\visual\contact-sheets-8E1ADB8F\sheet-098-pages-1941-1960.jpg,774222,FDEA7028F4E0153B1C262D2F2069B986137AD4836A993707D14E0BED5CC5CC32
99,1961,1980,C:\Users\<USER>\Documents\interlanguage\03_projects\language_management\cjk\03_working_translations\stacks_cjk_20260821\canon\zh-hans-cn\qa\visual\contact-sheets-8E1ADB8F\sheet-099-pages-1961-1980.jpg,775072,AC6C9413EF582B8998DAC2063F917572505E894DEDE0DD23698664CCAE71CAA3
100,1981,2000,C:\Users\<USER>\Documents\interlanguage\03_projects\language_management\cjk\03_working_translations\stacks_cjk_20260821\canon\zh-hans-cn\qa\visual\contact-sheets-8E1ADB8F\sheet-100-pages-1981-2000.jpg,753216,339F8E47F02A14A2517118140D03ABC785554FDA6D299ACA04DB12BEA75663AD
101,2001,2020,C:\Users\<USER>\Documents\interlanguage\03_projects\language_management\cjk\03_working_translations\stacks_cjk_20260821\canon\zh-hans-cn\qa\visual\contact-sheets-8E1ADB8F\sheet-101-pages-2001-2020.jpg,731901,D9F5B72DC57F996D1E776E5EF545465BCE35CA915DDF6EED1835CD800B6A0336
102,2021,2040,C:\Users\<USER>\Documents\interlanguage\03_projects\language_management\cjk\03_working_translations\stacks_cjk_20260821\canon\zh-hans-cn\qa\visual\contact-sheets-8E1ADB8F\sheet-102-pages-2021-2040.jpg,744799,DD0CD516FFDF887C8B543CA7C87271CD051C25A1CCDD387D5F26C2FB4FEB9A75
103,2041,2060,C:\Users\<USER>\Documents\interlanguage\03_projects\language_management\cjk\03_working_translations\stacks_cjk_20260821\canon\zh-hans-cn\qa\visual\contact-sheets-8E1ADB8F\sheet-103-pages-2041-2060.jpg,800916,029B28867DC0153A964798B45D58F5D0F6BCC590DD2C1A9D725E22CC2A2DC7C1
104,2061,2080,C:\Users\<USER>\Documents\interlanguage\03_projects\language_management\cjk\03_working_translations\stacks_cjk_20260821\canon\zh-hans-cn\qa\visual\contact-sheets-8E1ADB8F\sheet-104-pages-2061-2080.jpg,701212,DFB6D0407FCA199A18E0D6BBEE8E418694047CB4E739D5B02BC52EA4E4EAAF3B
105,2081,2100,C:\Users\<USER>\Documents\interlanguage\03_projects\language_management\cjk\03_working_translations\stacks_cjk_20260821\canon\zh-hans-cn\qa\visual\contact-sheets-8E1ADB8F\sheet-105-pages-2081-2100.jpg,752158,26D96DA790544E02FA40C17400E7867D2CBE4327C933A58248B44AEE8AB1C06E
106,2101,2120,C:\Users\<USER>\Documents\interlanguage\03_projects\language_management\cjk\03_working_translations\stacks_cjk_20260821\canon\zh-hans-cn\qa\visual\contact-sheets-8E1ADB8F\sheet-106-pages-2101-2120.jpg,761646,CF3450A3E64400F15862A0C225F2BFF727D6E7AC25E6FC0F2C810A126A057D52
107,2121,2140,C:\Users\<USER>\Documents\interlanguage\03_projects\language_management\cjk\03_working_translations\stacks_cjk_20260821\canon\zh-hans-cn\qa\visual\contact-sheets-8E1ADB8F\sheet-107-pages-2121-2140.jpg,708769,BF5E71D1277F852C902AA535AB56444A5150438EA9740A839467387DDC321CC2
108,2141,2160,C:\Users\<USER>\Documents\interlanguage\03_projects\language_management\cjk\03_working_translations\stacks_cjk_20260821\canon\zh-hans-cn\qa\visual\contact-sheets-8E1ADB8F\sheet-108-pages-2141-2160.jpg,796211,64DB1FB1FAE32DDB66AF35C17232DE8BE153D2DBC15B5C4EF8F7F85E9A45E0C6
109,2161,2180,C:\Users\<USER>\Documents\interlanguage\03_projects\language_management\cjk\03_working_translations\stacks_cjk_20260821\canon\zh-hans-cn\qa\visual\contact-sheets-8E1ADB8F\sheet-109-pages-2161-2180.jpg,768145,1DB5379A96F25A4666E59AF88A79137871C22B6C3D249BA64DD17C266D22E41C
110,2181,2200,C:\Users\<USER>\Documents\interlanguage\03_projects\language_management\cjk\03_working_translations\stacks_cjk_20260821\canon\zh-hans-cn\qa\visual\contact-sheets-8E1ADB8F\sheet-110-pages-2181-2200.jpg,765405,9802831EDADDAB8F3A2F8171D6A9C25E07F7196EF1C260B8DE681BC9F3DF90C4
111,2201,2220,C:\Users\<USER>\Documents\interlanguage\03_projects\language_management\cjk\03_working_translations\stacks_cjk_20260821\canon\zh-hans-cn\qa\visual\contact-sheets-8E1ADB8F\sheet-111-pages-2201-2220.jpg,775546,CF4E246DC93C5356D54BB8D9F34FC8396A20E24ABEFB6672F9289FD27E479681
112,2221,2240,C:\Users\<USER>\Documents\interlanguage\03_projects\language_management\cjk\03_working_translations\stacks_cjk_20260821\canon\zh-hans-cn\qa\visual\contact-sheets-8E1ADB8F\sheet-112-pages-2221-2240.jpg,702960,2FA71962DBD7AB001ADD3CD67542439B9546A021AF2ACE3B40518749C2864E40
113,2241,2260,C:\Users\<USER>\Documents\interlanguage\03_projects\language_management\cjk\03_working_translations\stacks_cjk_20260821\canon\zh-hans-cn\qa\visual\contact-sheets-8E1ADB8F\sheet-113-pages-2241-2260.jpg,752939,3AD88717E7F859560FE960F3A7877C643E6EA64C65D3A323987A5901EEAF91C5
114,2261,2280,C:\Users\<USER>\Documents\interlanguage\03_projects\language_management\cjk\03_working_translations\stacks_cjk_20260821\canon\zh-hans-cn\qa\visual\contact-sheets-8E1ADB8F\sheet-114-pages-2261-2280.jpg,725795,8FCF0A7244C92B9ED9A78EAA0DDDB22665F4A6D0B4CDC555D79DE500D93A5B89
115,2281,2300,C:\Users\<USER>\Documents\interlanguage\03_projects\language_management\cjk\03_working_translations\stacks_cjk_20260821\canon\zh-hans-cn\qa\visual\contact-sheets-8E1ADB8F\sheet-115-pages-2281-2300.jpg,733033,FA5B2451C146720DE6EEE1CD4A98FDD8C4BF62EFEA37B7F4CE8F3529B5AB5F80
116,2301,2320,C:\Users\<USER>\Documents\interlanguage\03_projects\language_management\cjk\03_working_translations\stacks_cjk_20260821\canon\zh-hans-cn\qa\visual\contact-sheets-8E1ADB8F\sheet-116-pages-2301-2320.jpg,798396,74D558E72B50711684B6C99E347273A5AF17376AE4DA1B02FBB948703DDBFFAA
117,2321,2340,C:\Users\<USER>\Documents\interlanguage\03_projects\language_management\cjk\03_working_translations\stacks_cjk_20260821\canon\zh-hans-cn\qa\visual\contact-sheets-8E1ADB8F\sheet-117-pages-2321-2340.jpg,731234,C74E1D86DE2A6B8E034D264A8CABDE555C604382FA945B51CE9C3DA0CD15C473
118,2341,2360,C:\Users\<USER>\Documents\interlanguage\03_projects\language_management\cjk\03_working_translations\stacks_cjk_20260821\canon\zh-hans-cn\qa\visual\contact-sheets-8E1ADB8F\sheet-118-pages-2341-2360.jpg,705098,27AD599C0F258160D33493C912CEF1E24FC48D5602BA442C3B7C2510D701ABD5
119,2361,2380,C:\Users\<USER>\Documents\interlanguage\03_projects\language_management\cjk\03_working_translations\stacks_cjk_20260821\canon\zh-hans-cn\qa\visual\contact-sheets-8E1ADB8F\sheet-119-pages-2361-2380.jpg,769123,D87228A822B95C07780091403BE89EBCD271EE0FCF921E23DF1F66CB00387AC3
120,2381,2400,C:\Users\<USER>\Documents\interlanguage\03_projects\language_management\cjk\03_working_translations\stacks_cjk_20260821\canon\zh-hans-cn\qa\visual\contact-sheets-8E1ADB8F\sheet-120-pages-2381-2400.jpg,699171,AAFE81B7FBA127C6914F42B3BCC7B9396F79B261DB387EDE643CE9FD4828CAA0
121,2401,2420,C:\Users\<USER>\Documents\interlanguage\03_projects\language_management\cjk\03_working_translations\stacks_cjk_20260821\canon\zh-hans-cn\qa\visual\contact-sheets-8E1ADB8F\sheet-121-pages-2401-2420.jpg,755509,44422153340F92DB1C2FC6BEF7C782995743B1383FAF4412921CB7FB5026BD11
122,2421,2440,C:\Users\<USER>\Documents\interlanguage\03_projects\language_management\cjk\03_working_translations\stacks_cjk_20260821\canon\zh-hans-cn\qa\visual\contact-sheets-8E1ADB8F\sheet-122-pages-2421-2440.jpg,680206,F16E538B938C8C6DD088DEA3B5EE948CAB605D269738FAE65E51D8018276F6FB
123,2441,2460,C:\Users\<USER>\Documents\interlanguage\03_projects\language_management\cjk\03_working_translations\stacks_cjk_20260821\canon\zh-hans-cn\qa\visual\contact-sheets-8E1ADB8F\sheet-123-pages-2441-2460.jpg,667043,0C8BBF9614251341D0554D1B845ED3697480DC3E2E8AE72BB995E34F637F8E13
124,2461,2480,C:\Users\<USER>\Documents\interlanguage\03_projects\language_management\cjk\03_working_translations\stacks_cjk_20260821\canon\zh-hans-cn\qa\visual\contact-sheets-8E1ADB8F\sheet-124-pages-2461-2480.jpg,738018,16708F31273612D92B1B9B48026D563C4A0A8382C4D4FE62BF7460D998F3F3B7
125,2481,2500,C:\Users\<USER>\Documents\interlanguage\03_projects\language_management\cjk\03_working_translations\stacks_cjk_20260821\canon\zh-hans-cn\qa\visual\contact-sheets-8E1ADB8F\sheet-125-pages-2481-2500.jpg,778677,8B992D892E2E5D817AEC593A8BA981F2F4B596A92E3D69931FE480059046F3C2
126,2501,2520,C:\Users\<USER>\Documents\interlanguage\03_projects\language_management\cjk\03_working_translations\stacks_cjk_20260821\canon\zh-hans-cn\qa\visual\contact-sheets-8E1ADB8F\sheet-126-pages-2501-2520.jpg,688488,37D2B8862CFF6D65956A246121A09FF046D9C7C56EE47AA6E41363CEC710F05F
127,2521,2540,C:\Users\<USER>\Documents\interlanguage\03_projects\language_management\cjk\03_working_translations\stacks_cjk_20260821\canon\zh-hans-cn\qa\visual\contact-sheets-8E1ADB8F\sheet-127-pages-2521-2540.jpg,715116,33833A02F59FFE3D8FF4ECA5113773AFD45CBBD959E7A26B896DC98B9D064501
128,2541,2560,C:\Users\<USER>\Documents\interlanguage\03_projects\language_management\cjk\03_working_translations\stacks_cjk_20260821\canon\zh-hans-cn\qa\visual\contact-sheets-8E1ADB8F\sheet-128-pages-2541-2560.jpg,735939,49B613D8685E4A30085C95DD9411EEDB388821139DEF862CC7E4A9289AF40A2D
129,2561,2580,C:\Users\<USER>\Documents\interlanguage\03_projects\language_management\cjk\03_working_translations\stacks_cjk_20260821\canon\zh-hans-cn\qa\visual\contact-sheets-8E1ADB8F\sheet-129-pages-2561-2580.jpg,744580,720D6842E9C6E902BFDB9FBFFC7388EA489A30291A9190CC709F928CEB422B27
130,2581,2600,C:\Users\<USER>\Documents\interlanguage\03_projects\language_management\cjk\03_working_translations\stacks_cjk_20260821\canon\zh-hans-cn\qa\visual\contact-sheets-8E1ADB8F\sheet-130-pages-2581-2600.jpg,778831,86E40CD3147B8C13E212489849B3D1516045164C80A28122066EE2D922874FF9
131,2601,2620,C:\Users\<USER>\Documents\interlanguage\03_projects\language_management\cjk\03_working_translations\stacks_cjk_20260821\canon\zh-hans-cn\qa\visual\contact-sheets-8E1ADB8F\sheet-131-pages-2601-2620.jpg,722594,CEFD29504C2F6855A7412933CA924ECB678BFF54F212C8D7AD2745AD5FDA6FF4
132,2621,2640,C:\Users\<USER>\Documents\interlanguage\03_projects\language_management\cjk\03_working_translations\stacks_cjk_20260821\canon\zh-hans-cn\qa\visual\contact-sheets-8E1ADB8F\sheet-132-pages-2621-2640.jpg,688835,C9036408DAB02EF048023E6033032ABC32171A92171457E7AD4CFE67D9603494
133,2641,2660,C:\Users\<USER>\Documents\interlanguage\03_projects\language_management\cjk\03_working_translations\stacks_cjk_20260821\canon\zh-hans-cn\qa\visual\contact-sheets-8E1ADB8F\sheet-133-pages-2641-2660.jpg,741126,40544463976646AE9E4686B7D7BADD959AC83706EDF2DE31BDF6898C2CF697CB
134,2661,2680,C:\Users\<USER>\Documents\interlanguage\03_projects\language_management\cjk\03_working_translations\stacks_cjk_20260821\canon\zh-hans-cn\qa\visual\contact-sheets-8E1ADB8F\sheet-134-pages-2661-2680.jpg,804332,45C1990B24F14B548BA905FCF294CB089DBA240AFCF05F8917AD5FD52A53DAC6
135,2681,2700,C:\Users\<USER>\Documents\interlanguage\03_projects\language_management\cjk\03_working_translations\stacks_cjk_20260821\canon\zh-hans-cn\qa\visual\contact-sheets-8E1ADB8F\sheet-135-pages-2681-2700.jpg,794836,43442247D56B98F27871AEED01D83D3A9D98206822805AA63CACEFC6184D06D7
136,2701,2720,C:\Users\<USER>\Documents\interlanguage\03_projects\language_management\cjk\03_working_translations\stacks_cjk_20260821\canon\zh-hans-cn\qa\visual\contact-sheets-8E1ADB8F\sheet-136-pages-2701-2720.jpg,705309,66910C2E52646CDDDD17DA75D0B9D74E794E0979EF86E897AF48398B73F8B6B6
137,2721,2740,C:\Users\<USER>\Documents\interlanguage\03_projects\language_management\cjk\03_working_translations\stacks_cjk_20260821\canon\zh-hans-cn\qa\visual\contact-sheets-8E1ADB8F\sheet-137-pages-2721-2740.jpg,728575,A302F3A2849456557E9593EAE6F734303E4DD7BCC4C1B8843B21C36AEC499319
138,2741,2760,C:\Users\<USER>\Documents\interlanguage\03_projects\language_management\cjk\03_working_translations\stacks_cjk_20260821\canon\zh-hans-cn\qa\visual\contact-sheets-8E1ADB8F\sheet-138-pages-2741-2760.jpg,692318,956541593BFDF2511CD683413CED7DCB14581E14A46AB777BD2B1E5D92F9450B
139,2761,2780,C:\Users\<USER>\Documents\interlanguage\03_projects\language_management\cjk\03_working_translations\stacks_cjk_20260821\canon\zh-hans-cn\qa\visual\contact-sheets-8E1ADB8F\sheet-139-pages-2761-2780.jpg,692238,1D4C1AC1F62695B6BC4502E4C4328BA6C98FDBE65077BE0F6E68B7BB4E69E8F8
140,2781,2800,C:\Users\<USER>\Documents\interlanguage\03_projects\language_management\cjk\03_working_translations\stacks_cjk_20260821\canon\zh-hans-cn\qa\visual\contact-sheets-8E1ADB8F\sheet-140-pages-2781-2800.jpg,747181,40F938F9F6C2DC49B40EC6F1DF5D20A7B58A7A740A2F66E02328C7A4D6A4201A
141,2801,2820,C:\Users\<USER>\Documents\interlanguage\03_projects\language_management\cjk\03_working_translations\stacks_cjk_20260821\canon\zh-hans-cn\qa\visual\contact-sheets-8E1ADB8F\sheet-141-pages-2801-2820.jpg,742939,A3C6CB5B3259B5F58052989EED18563347073439BAD649CBED4648041AF65FD4
142,2821,2840,C:\Users\<USER>\Documents\interlanguage\03_projects\language_management\cjk\03_working_translations\stacks_cjk_20260821\canon\zh-hans-cn\qa\visual\contact-sheets-8E1ADB8F\sheet-142-pages-2821-2840.jpg,735077,C7ACDD01FB3D9D8F1D0A5E32468C4698774152153379EF9740B5F0F672127F95
143,2841,2860,C:\Users\<USER>\Documents\interlanguage\03_projects\language_management\cjk\03_working_translations\stacks_cjk_20260821\canon\zh-hans-cn\qa\visual\contact-sheets-8E1ADB8F\sheet-143-pages-2841-2860.jpg,717468,C2E4E1246D55F7F49BCDC727E087C1FEC7BA469D0F8390B0C4DC598FCEC36873
144,2861,2880,C:\Users\<USER>\Documents\interlanguage\03_projects\language_management\cjk\03_working_translations\stacks_cjk_20260821\canon\zh-hans-cn\qa\visual\contact-sheets-8E1ADB8F\sheet-144-pages-2861-2880.jpg,691101,85DEE83A74B287572BE942ED183959AE2CE67395EE53BDB17B550DFCC70EAA42
145,2881,2900,C:\Users\<USER>\Documents\interlanguage\03_projects\language_management\cjk\03_working_translations\stacks_cjk_20260821\canon\zh-hans-cn\qa\visual\contact-sheets-8E1ADB8F\sheet-145-pages-2881-2900.jpg,706695,B42785A796FD2805292D1C46791809467641FFA5D2698B9E17C0C83A2F99C6E2
146,2901,2920,C:\Users\<USER>\Documents\interlanguage\03_projects\language_management\cjk\03_working_translations\stacks_cjk_20260821\canon\zh-hans-cn\qa\visual\contact-sheets-8E1ADB8F\sheet-146-pages-2901-2920.jpg,711240,064C047C81F5672BEF2EBA9F346265A355F0D57866CD398A4DC39B00A52336B3
147,2921,2940,C:\Users\<USER>\Documents\interlanguage\03_projects\language_management\cjk\03_working_translations\stacks_cjk_20260821\canon\zh-hans-cn\qa\visual\contact-sheets-8E1ADB8F\sheet-147-pages-2921-2940.jpg,710126,974B8D0D05E1CF8EB18DC513F6BC7377FBBBC8B2EE92646B2B228D19B49593C6
148,2941,2960,C:\Users\<USER>\Documents\interlanguage\03_projects\language_management\cjk\03_working_translations\stacks_cjk_20260821\canon\zh-hans-cn\qa\visual\contact-sheets-8E1ADB8F\sheet-148-pages-2941-2960.jpg,640550,5557B6BF8134C1F062AC8AD82802CA88F9F6B561CA040EC2125C0BD6A732ECE9
149,2961,2980,C:\Users\<USER>\Documents\interlanguage\03_projects\language_management\cjk\03_working_translations\stacks_cjk_20260821\canon\zh-hans-cn\qa\visual\contact-sheets-8E1ADB8F\sheet-149-pages-2961-2980.jpg,676352,3728223D3B4B1129B4489496EB0B12F41A12B7A37AAC968BD88872BCB57A1BA4
150,2981,3000,C:\Users\<USER>\Documents\interlanguage\03_projects\language_management\cjk\03_working_translations\stacks_cjk_20260821\canon\zh-hans-cn\qa\visual\contact-sheets-8E1ADB8F\sheet-150-pages-2981-3000.jpg,695983,567878F5C0DE7D795E36B204BF9C3A28AFA2A7D6A13972E7F67F84D3B55927C5
151,3001,3020,C:\Users\<USER>\Documents\interlanguage\03_projects\language_management\cjk\03_working_translations\stacks_cjk_20260821\canon\zh-hans-cn\qa\visual\contact-sheets-8E1ADB8F\sheet-151-pages-3001-3020.jpg,704840,D5663DC829D3072C8A29C9B2CC6FB7A73763F7CDF7EC66F9652EA0E68684F778
152,3021,3040,C:\Users\<USER>\Documents\interlanguage\03_projects\language_management\cjk\03_working_translations\stacks_cjk_20260821\canon\zh-hans-cn\qa\visual\contact-sheets-8E1ADB8F\sheet-152-pages-3021-3040.jpg,743901,BCB256A2E2927F16D5DA8FC0AADCD6F6D4235A0A611348087E911B97B427814B
153,3041,3060,C:\Users\<USER>\Documents\interlanguage\03_projects\language_management\cjk\03_working_translations\stacks_cjk_20260821\canon\zh-hans-cn\qa\visual\contact-sheets-8E1ADB8F\sheet-153-pages-3041-3060.jpg,704851,B273C472D3961F24122F3B1C6832030C6D074AEB9571F3933036B61B9C1D0879
154,3061,3080,C:\Users\<USER>\Documents\interlanguage\03_projects\language_management\cjk\03_working_translations\stacks_cjk_20260821\canon\zh-hans-cn\qa\visual\contact-sheets-8E1ADB8F\sheet-154-pages-3061-3080.jpg,737740,E8E44F8249F58D54C64D3C9E105100EAEC1BFE1404A3C9521D1FAA3B4B0EA684
155,3081,3100,C:\Users\<USER>\Documents\interlanguage\03_projects\language_management\cjk\03_working_translations\stacks_cjk_20260821\canon\zh-hans-cn\qa\visual\contact-sheets-8E1ADB8F\sheet-155-pages-3081-3100.jpg,733048,F7764B999122B12EB03CE4CE67AE9BA7A20F2A29CC505A300158114557F945FF
156,3101,3120,C:\Users\<USER>\Documents\interlanguage\03_projects\language_management\cjk\03_working_translations\stacks_cjk_20260821\canon\zh-hans-cn\qa\visual\contact-sheets-8E1ADB8F\sheet-156-pages-3101-3120.jpg,771011,D834F84B38A16FC81E0675DA5DF68ABF9EDFD0624BAF88C174DF8AA8B84BC630
157,3121,3140,C:\Users\<USER>\Documents\interlanguage\03_projects\language_management\cjk\03_working_translations\stacks_cjk_20260821\canon\zh-hans-cn\qa\visual\contact-sheets-8E1ADB8F\sheet-157-pages-3121-3140.jpg,650655,F3B108E4A8636B24BF3E5228E0EF0C887D16AF63B7A8A1FB62634310C456CF08
158,3141,3160,C:\Users\<USER>\Documents\interlanguage\03_projects\language_management\cjk\03_working_translations\stacks_cjk_20260821\canon\zh-hans-cn\qa\visual\contact-sheets-8E1ADB8F\sheet-158-pages-3141-3160.jpg,685955,BC7CD918E457172C2CF72CE2086607E7E5FCC10DBDF4A39EC375F2C11E714724
159,3161,3180,C:\Users\<USER>\Documents\interlanguage\03_projects\language_management\cjk\03_working_translations\stacks_cjk_20260821\canon\zh-hans-cn\qa\visual\contact-sheets-8E1ADB8F\sheet-159-pages-3161-3180.jpg,762011,106AB9D312EFF152C5E593DAB472B70C8A322E68A43E6CDD862ECE4F49D5BC54
160,3181,3200,C:\Users\<USER>\Documents\interlanguage\03_projects\language_management\cjk\03_working_translations\stacks_cjk_20260821\canon\zh-hans-cn\qa\visual\contact-sheets-8E1ADB8F\sheet-160-pages-3181-3200.jpg,688476,B565FE1B0C5B32D752807D9D74D0B52BBDD22650A8C865CE18E27A5C568D481F
161,3201,3220,C:\Users\<USER>\Documents\interlanguage\03_projects\language_management\cjk\03_working_translations\stacks_cjk_20260821\canon\zh-hans-cn\qa\visual\contact-sheets-8E1ADB8F\sheet-161-pages-3201-3220.jpg,687439,4B8B40E555AA6626506DFEC61F2A417005DE18EC56340F227A75A778C2B709B7
162,3221,3240,C:\Users\<USER>\Documents\interlanguage\03_projects\language_management\cjk\03_working_translations\stacks_cjk_20260821\canon\zh-hans-cn\qa\visual\contact-sheets-8E1ADB8F\sheet-162-pages-3221-3240.jpg,652413,FE15C419A09E7E0E0458BA1F9197734499C24B1DB5FDEDB9B16A503EC34ECF56
163,3241,3260,C:\Users\<USER>\Documents\interlanguage\03_projects\language_management\cjk\03_working_translations\stacks_cjk_20260821\canon\zh-hans-cn\qa\visual\contact-sheets-8E1ADB8F\sheet-163-pages-3241-3260.jpg,684317,23EB876D3153D89F73BD6AA2CCE1904374FB69C8FF05D6EFB4DF01CD6BD5985A
164,3261,3280,C:\Users\<USER>\Documents\interlanguage\03_projects\language_management\cjk\03_working_translations\stacks_cjk_20260821\canon\zh-hans-cn\qa\visual\contact-sheets-8E1ADB8F\sheet-164-pages-3261-3280.jpg,703998,8320251DF938FE28329F33B9116DD1DF48D6F984FC630BE0B6C0F227A01C8DF3
165,3281,3300,C:\Users\<USER>\Documents\interlanguage\03_projects\language_management\cjk\03_working_translations\stacks_cjk_20260821\canon\zh-hans-cn\qa\visual\contact-sheets-8E1ADB8F\sheet-165-pages-3281-3300.jpg,763617,87648DC2F1DE1E54FCC487FB79CF8C23445667126A23F60850FF7CFE8E49D011
166,3301,3320,C:\Users\<USER>\Documents\interlanguage\03_projects\language_management\cjk\03_working_translations\stacks_cjk_20260821\canon\zh-hans-cn\qa\visual\contact-sheets-8E1ADB8F\sheet-166-pages-3301-3320.jpg,730650,BDF0BE77DAEEEF00759C9F51C5674B4C6D4A185BDFB6B76CE7BA73A453909BA3
167,3321,3340,C:\Users\<USER>\Documents\interlanguage\03_projects\language_management\cjk\03_working_translations\stacks_cjk_20260821\canon\zh-hans-cn\qa\visual\contact-sheets-8E1ADB8F\sheet-167-pages-3321-3340.jpg,750264,B8860E38F3AC264A48C8F2AA22AE9BE44F53024C31B3F5F772A3A500AFB71F43
168,3341,3360,C:\Users\<USER>\Documents\interlanguage\03_projects\language_management\cjk\03_working_translations\stacks_cjk_20260821\canon\zh-hans-cn\qa\visual\contact-sheets-8E1ADB8F\sheet-168-pages-3341-3360.jpg,711760,573F7E8A419E6521A3A17C361350A0D54914CFF7913D8697C626D6C206815D76
169,3361,3380,C:\Users\<USER>\Documents\interlanguage\03_projects\language_management\cjk\03_working_translations\stacks_cjk_20260821\canon\zh-hans-cn\qa\visual\contact-sheets-8E1ADB8F\sheet-169-pages-3361-3380.jpg,735930,6EB1F87B71DC5765CC15B84ED21BAF424BB9E6A34EAE3514717274517689685C
170,3381,3400,C:\Users\<USER>\Documents\interlanguage\03_projects\language_management\cjk\03_working_translations\stacks_cjk_20260821\canon\zh-hans-cn\qa\visual\contact-sheets-8E1ADB8F\sheet-170-pages-3381-3400.jpg,734233,B1F14FEBAC1A8FD250171464DD117DFF007367765D2D7C57AA0BA8F08664F69B
171,3401,3420,C:\Users\<USER>\Documents\interlanguage\03_projects\language_management\cjk\03_working_translations\stacks_cjk_20260821\canon\zh-hans-cn\qa\visual\contact-sheets-8E1ADB8F\sheet-171-pages-3401-3420.jpg,728222,B6BCE08B3CF399AF25511AD5F0E1FBE25C41AC9FFD0CAD4DA891445674F4B4E7
172,3421,3440,C:\Users\<USER>\Documents\interlanguage\03_projects\language_management\cjk\03_working_translations\stacks_cjk_20260821\canon\zh-hans-cn\qa\visual\contact-sheets-8E1ADB8F\sheet-172-pages-3421-3440.jpg,768044,13B11A60214375290B4B81781AA7CB9BF94D6E70AF7BFE5A82FA37CFBB201B4C
173,3441,3460,C:\Users\<USER>\Documents\interlanguage\03_projects\language_management\cjk\03_working_translations\stacks_cjk_20260821\canon\zh-hans-cn\qa\visual\contact-sheets-8E1ADB8F\sheet-173-pages-3441-3460.jpg,738442,9F4504464A173BDF791713D7745232A914D6E98C90BDC1B9534EA1663B50718D
174,3461,3480,C:\Users\<USER>\Documents\interlanguage\03_projects\language_management\cjk\03_working_translations\stacks_cjk_20260821\canon\zh-hans-cn\qa\visual\contact-sheets-8E1ADB8F\sheet-174-pages-3461-3480.jpg,766980,B432018365FB96A11B6A0F8A37A56E26C8E857D988BA457222D2DDDF46A66E90
175,3481,3500,C:\Users\<USER>\Documents\interlanguage\03_projects\language_management\cjk\03_working_translations\stacks_cjk_20260821\canon\zh-hans-cn\qa\visual\contact-sheets-8E1ADB8F\sheet-175-pages-3481-3500.jpg,638189,ABA0999F4D079C0B6E0175F0A19E69B664000287866A84F54AEEEF8C9AF3C523
176,3501,3520,C:\Users\<USER>\Documents\interlanguage\03_projects\language_management\cjk\03_working_translations\stacks_cjk_20260821\canon\zh-hans-cn\qa\visual\contact-sheets-8E1ADB8F\sheet-176-pages-3501-3520.jpg,638743,5A7865C892628342452BA88081A8EC2F9523DC7E12C7127FC362B4B410FB2EE1
177,3521,3540,C:\Users\<USER>\Documents\interlanguage\03_projects\language_management\cjk\03_working_translations\stacks_cjk_20260821\canon\zh-hans-cn\qa\visual\contact-sheets-8E1ADB8F\sheet-177-pages-3521-3540.jpg,740790,74BF9CB5E6FF861F90081BEAFA85DEAD31FD0C29007B678C6486869496998948
178,3541,3560,C:\Users\<USER>\Documents\interlanguage\03_projects\language_management\cjk\03_working_translations\stacks_cjk_20260821\canon\zh-hans-cn\qa\visual\contact-sheets-8E1ADB8F\sheet-178-pages-3541-3560.jpg,720719,66DC8A692E3FF250433DBB0D1AF4A74980B6A3541B3373EF7C9BB4058173E555
179,3561,3580,C:\Users\<USER>\Documents\interlanguage\03_projects\language_management\cjk\03_working_translations\stacks_cjk_20260821\canon\zh-hans-cn\qa\visual\contact-sheets-8E1ADB8F\sheet-179-pages-3561-3580.jpg,748069,F453E240CB4D95E33925F9D09AD2D45A217646469CE693C7F85AF8308AD26F73
180,3581,3600,C:\Users\<USER>\Documents\interlanguage\03_projects\language_management\cjk\03_working_translations\stacks_cjk_20260821\canon\zh-hans-cn\qa\visual\contact-sheets-8E1ADB8F\sheet-180-pages-3581-3600.jpg,662579,6A65303BC7A7D32D0D1D0806480B4B1B5DAF331FE619E40AD4C7986E8F0DE018
181,3601,3620,C:\Users\<USER>\Documents\interlanguage\03_projects\language_management\cjk\03_working_translations\stacks_cjk_20260821\canon\zh-hans-cn\qa\visual\contact-sheets-8E1ADB8F\sheet-181-pages-3601-3620.jpg,663101,0CAC43F2420FD481BDF3D50D9F1EB44B31C6738D613EF0D32BE2CA7C25B1AE42
182,3621,3640,C:\Users\<USER>\Documents\interlanguage\03_projects\language_management\cjk\03_working_translations\stacks_cjk_20260821\canon\zh-hans-cn\qa\visual\contact-sheets-8E1ADB8F\sheet-182-pages-3621-3640.jpg,705261,8204B9D9033BCA84389FE9388CC686F8CD22B00E8F31F581EECF85F7EC73A6AC
183,3641,3660,C:\Users\<USER>\Documents\interlanguage\03_projects\language_management\cjk\03_working_translations\stacks_cjk_20260821\canon\zh-hans-cn\qa\visual\contact-sheets-8E1ADB8F\sheet-183-pages-3641-3660.jpg,754167,C0CFE79226A4FE5FF85FE416473358028C79FECADB68399C21487AC55B283A24
184,3661,3680,C:\Users\<USER>\Documents\interlanguage\03_projects\language_management\cjk\03_working_translations\stacks_cjk_20260821\canon\zh-hans-cn\qa\visual\contact-sheets-8E1ADB8F\sheet-184-pages-3661-3680.jpg,733637,C4D0A94C308D15DF5FBA7527599507486D35F0AF8560DB98155045776432E191
185,3681,3700,C:\Users\<USER>\Documents\interlanguage\03_projects\language_management\cjk\03_working_translations\stacks_cjk_20260821\canon\zh-hans-cn\qa\visual\contact-sheets-8E1ADB8F\sheet-185-pages-3681-3700.jpg,764273,1A0B15C8E5607AA4B4BBB8DEA27B341258124B58ECCA740098C89FE51F1080FF
186,3701,3720,C:\Users\<USER>\Documents\interlanguage\03_projects\language_management\cjk\03_working_translations\stacks_cjk_20260821\canon\zh-hans-cn\qa\visual\contact-sheets-8E1ADB8F\sheet-186-pages-3701-3720.jpg,707311,4F5A5550EBB0DF049342D0C963E27288239449F600E24DBE86EFF1C37310FA9B
187,3721,3740,C:\Users\<USER>\Documents\interlanguage\03_projects\language_management\cjk\03_working_translations\stacks_cjk_20260821\canon\zh-hans-cn\qa\visual\contact-sheets-8E1ADB8F\sheet-187-pages-3721-3740.jpg,641812,303C1E7C7B42CF2C5F0762C03209EB7451533C9B96722C2EBF254B7F568008ED
188,3741,3760,C:\Users\<USER>\Documents\interlanguage\03_projects\language_management\cjk\03_working_translations\stacks_cjk_20260821\canon\zh-hans-cn\qa\visual\contact-sheets-8E1ADB8F\sheet-188-pages-3741-3760.jpg,665792,BE35C506E19B75E0724D90EAC01E6E41DA9B0B1324AB4794F28C38668ADCD0D1
189,3761,3780,C:\Users\<USER>\Documents\interlanguage\03_projects\language_management\cjk\03_working_translations\stacks_cjk_20260821\canon\zh-hans-cn\qa\visual\contact-sheets-8E1ADB8F\sheet-189-pages-3761-3780.jpg,583544,642B1FC3BEF054E6752BAA45F6FFEB1E54037206CA79C38EDC9C13C900FF0D00
190,3781,3800,C:\Users\<USER>\Documents\interlanguage\03_projects\language_management\cjk\03_working_translations\stacks_cjk_20260821\canon\zh-hans-cn\qa\visual\contact-sheets-8E1ADB8F\sheet-190-pages-3781-3800.jpg,650229,A263D782F0DFE130839F5B83C398EF986D79296655DAA09149DB8E171A78E02E
191,3801,3820,C:\Users\<USER>\Documents\interlanguage\03_projects\language_management\cjk\03_working_translations\stacks_cjk_20260821\canon\zh-hans-cn\qa\visual\contact-sheets-8E1ADB8F\sheet-191-pages-3801-3820.jpg,746432,BC3E4C63C5FC295B290C005EAB8AEDA60D8F05F82BD9116E03080995A8CBA405
192,3821,3840,C:\Users\<USER>\Documents\interlanguage\03_projects\language_management\cjk\03_working_translations\stacks_cjk_20260821\canon\zh-hans-cn\qa\visual\contact-sheets-8E1ADB8F\sheet-192-pages-3821-3840.jpg,736509,03EA6D2B8F2078389C3D2B330F246BD34DF71B78D4A4D960BDAC88589D6F7862
193,3841,3860,C:\Users\<USER>\Documents\interlanguage\03_projects\language_management\cjk\03_working_translations\stacks_cjk_20260821\canon\zh-hans-cn\qa\visual\contact-sheets-8E1ADB8F\sheet-193-pages-3841-3860.jpg,660352,041C910EC21ECF73959EAEBB79C91D65DDA2D203884263332800CA42416F92F9
194,3861,3880,C:\Users\<USER>\Documents\interlanguage\03_projects\language_management\cjk\03_working_translations\stacks_cjk_20260821\canon\zh-hans-cn\qa\visual\contact-sheets-8E1ADB8F\sheet-194-pages-3861-3880.jpg,758603,DDD990A3ED02435B32B80656F15B9C8FAD8E041591064A00AD69F5D16B7C3BDF
195,3881,3900,C:\Users\<USER>\Documents\interlanguage\03_projects\language_management\cjk\03_working_translations\stacks_cjk_20260821\canon\zh-hans-cn\qa\visual\contact-sheets-8E1ADB8F\sheet-195-pages-3881-3900.jpg,710519,23A33463FC53449C6FF001F3A4F5C500B3778293B72DAC94A27FBCE9B4708F47
196,3901,3920,C:\Users\<USER>\Documents\interlanguage\03_projects\language_management\cjk\03_working_translations\stacks_cjk_20260821\canon\zh-hans-cn\qa\visual\contact-sheets-8E1ADB8F\sheet-196-pages-3901-3920.jpg,643661,43DECFEF5640D5228B32D03711542F6FE2E74A861E9D2F1256CE6ECCE41121D5
197,3921,3940,C:\Users\<USER>\Documents\interlanguage\03_projects\language_management\cjk\03_working_translations\stacks_cjk_20260821\canon\zh-hans-cn\qa\visual\contact-sheets-8E1ADB8F\sheet-197-pages-3921-3940.jpg,722646,1AFBB62038EDBD46B6FE1F7AB6844688A8D82D18BA1CEFB4096422D526462249
198,3941,3960,C:\Users\<USER>\Documents\interlanguage\03_projects\language_management\cjk\03_working_translations\stacks_cjk_20260821\canon\zh-hans-cn\qa\visual\contact-sheets-8E1ADB8F\sheet-198-pages-3941-3960.jpg,781357,72370457BF3D1D9F5C4CF9EC6C2B149BE1AADEB7E2225AF9DE644EC7B70B89A8
199,3961,3980,C:\Users\<USER>\Documents\interlanguage\03_projects\language_management\cjk\03_working_translations\stacks_cjk_20260821\canon\zh-hans-cn\qa\visual\contact-sheets-8E1ADB8F\sheet-199-pages-3961-3980.jpg,749621,845E0B009DA1E5468511E319687F82F901EB87EB6E3B5BEE58024CC1408B1CF6
200,3981,4000,C:\Users\<USER>\Documents\interlanguage\03_projects\language_management\cjk\03_working_translations\stacks_cjk_20260821\canon\zh-hans-cn\qa\visual\contact-sheets-8E1ADB8F\sheet-200-pages-3981-4000.jpg,743651,8ABE8B6AE67424DD215ED3B8B7FD4E4EE50629FB2006EC20A1B6F7EBB867FF7A
201,4001,4020,C:\Users\<USER>\Documents\interlanguage\03_projects\language_management\cjk\03_working_translations\stacks_cjk_20260821\canon\zh-hans-cn\qa\visual\contact-sheets-8E1ADB8F\sheet-201-pages-4001-4020.jpg,684538,6C6AD455A8098C5AD1F43FF4905F307D7F9AFA4648D0A17EDBE104F08CDD2817
202,4021,4040,C:\Users\<USER>\Documents\interlanguage\03_projects\language_management\cjk\03_working_translations\stacks_cjk_20260821\canon\zh-hans-cn\qa\visual\contact-sheets-8E1ADB8F\sheet-202-pages-4021-4040.jpg,746311,94E34801D00FFD6B8BB2F1CFC12DFCEBDD28F86A8B69136B83B29F1DC54F9383
203,4041,4060,C:\Users\<USER>\Documents\interlanguage\03_projects\language_management\cjk\03_working_translations\stacks_cjk_20260821\canon\zh-hans-cn\qa\visual\contact-sheets-8E1ADB8F\sheet-203-pages-4041-4060.jpg,724409,7D10E62738579A3C1A193D4A9CDFC183349797F3A663B8A11FDDF7043160882C
204,4061,4080,C:\Users\<USER>\Documents\interlanguage\03_projects\language_management\cjk\03_working_translations\stacks_cjk_20260821\canon\zh-hans-cn\qa\visual\contact-sheets-8E1ADB8F\sheet-204-pages-4061-4080.jpg,751053,93F65F035C0376C7ED34F6AA3FAAB8DEC35DB8523A3BF9F984D5F4FB868A45CA
205,4081,4100,C:\Users\<USER>\Documents\interlanguage\03_projects\language_management\cjk\03_working_translations\stacks_cjk_20260821\canon\zh-hans-cn\qa\visual\contact-sheets-8E1ADB8F\sheet-205-pages-4081-4100.jpg,792478,C5F47D2B36938882EE868022CC8F461EC38811A7D328F4A929E80AE2EAE93B2E
206,4101,4120,C:\Users\<USER>\Documents\interlanguage\03_projects\language_management\cjk\03_working_translations\stacks_cjk_20260821\canon\zh-hans-cn\qa\visual\contact-sheets-8E1ADB8F\sheet-206-pages-4101-4120.jpg,730472,6DA9AB977AA38E55E19226C9BAD9E5EC0AF7279488BC47383EC4AA07E682B452
207,4121,4140,C:\Users\<USER>\Documents\interlanguage\03_projects\language_management\cjk\03_working_translations\stacks_cjk_20260821\canon\zh-hans-cn\qa\visual\contact-sheets-8E1ADB8F\sheet-207-pages-4121-4140.jpg,767014,FE335E80B2FBF0A36D45EFAADB2F33676D00B1560ACAFB091D131ACEEB1FB564
208,4141,4160,C:\Users\<USER>\Documents\interlanguage\03_projects\language_management\cjk\03_working_translations\stacks_cjk_20260821\canon\zh-hans-cn\qa\visual\contact-sheets-8E1ADB8F\sheet-208-pages-4141-4160.jpg,688878,AFEF961578437F8BF160BF9DEF06BB3D8BA151AC9BABC63A93A61CF645AF9675
209,4161,4180,C:\Users\<USER>\Documents\interlanguage\03_projects\language_management\cjk\03_working_translations\stacks_cjk_20260821\canon\zh-hans-cn\qa\visual\contact-sheets-8E1ADB8F\sheet-209-pages-4161-4180.jpg,753380,5B4E5C748DEEA99B7CD590DE6FBC34FEBF94D490AFF98B47ED8A814E9A59597C
210,4181,4200,C:\Users\<USER>\Documents\interlanguage\03_projects\language_management\cjk\03_working_translations\stacks_cjk_20260821\canon\zh-hans-cn\qa\visual\contact-sheets-8E1ADB8F\sheet-210-pages-4181-4200.jpg,719575,FD5F5EB791B290E92D2A9504DA64230C4E0B4C4C243A67C8841AE4F0480983CC
211,4201,4220,C:\Users\<USER>\Documents\interlanguage\03_projects\language_management\cjk\03_working_translations\stacks_cjk_20260821\canon\zh-hans-cn\qa\visual\contact-sheets-8E1ADB8F\sheet-211-pages-4201-4220.jpg,723350,DA64ABFABD5B078C7DBD9C05122A9FF0B71553AB2B0B32D6611E3265AE42C2EC
212,4221,4240,C:\Users\<USER>\Documents\interlanguage\03_projects\language_management\cjk\03_working_translations\stacks_cjk_20260821\canon\zh-hans-cn\qa\visual\contact-sheets-8E1ADB8F\sheet-212-pages-4221-4240.jpg,684966,8F5DD9AF0F79CFDDC6B6B178A1E45C7E87A75879AF2F3C36F46ABC7546355072
213,4241,4260,C:\Users\<USER>\Documents\interlanguage\03_projects\language_management\cjk\03_working_translations\stacks_cjk_20260821\canon\zh-hans-cn\qa\visual\contact-sheets-8E1ADB8F\sheet-213-pages-4241-4260.jpg,631337,80A7E0C915BC4408CC36A4B0A499963A318BDD253A806D79E25DDC6DC2DF3528
214,4261,4280,C:\Users\<USER>\Documents\interlanguage\03_projects\language_management\cjk\03_working_translations\stacks_cjk_20260821\canon\zh-hans-cn\qa\visual\contact-sheets-8E1ADB8F\sheet-214-pages-4261-4280.jpg,746956,DE96CA33B8C9339FAC49275648A5C0471856FA5BAF04D3916E84FBD447CF6731
215,4281,4300,C:\Users\<USER>\Documents\interlanguage\03_projects\language_management\cjk\03_working_translations\stacks_cjk_20260821\canon\zh-hans-cn\qa\visual\contact-sheets-8E1ADB8F\sheet-215-pages-4281-4300.jpg,735672,83D32E1E1449ACBF9F0307A2D5052CE3641B3AC2D4DCB0D17119FBF93F980F90
216,4301,4320,C:\Users\<USER>\Documents\interlanguage\03_projects\language_management\cjk\03_working_translations\stacks_cjk_20260821\canon\zh-hans-cn\qa\visual\contact-sheets-8E1ADB8F\sheet-216-pages-4301-4320.jpg,707631,52D8ED8A49685F1985B8752A72CF4AE6604286EABF43FB6782879AC7F5E8D0B9
217,4321,4340,C:\Users\<USER>\Documents\interlanguage\03_projects\language_management\cjk\03_working_translations\stacks_cjk_20260821\canon\zh-hans-cn\qa\visual\contact-sheets-8E1ADB8F\sheet-217-pages-4321-4340.jpg,770331,836DC87B79B1E68145689455E85B612C03DA9B45BD99DE74A9085EE4B47D7590
218,4341,4360,C:\Users\<USER>\Documents\interlanguage\03_projects\language_management\cjk\03_working_translations\stacks_cjk_20260821\canon\zh-hans-cn\qa\visual\contact-sheets-8E1ADB8F\sheet-218-pages-4341-4360.jpg,675994,4D953F748697A74DF64530C7FC58317DB7BF454A4502A8CF9067D17EADE9C811
219,4361,4380,C:\Users\<USER>\Documents\interlanguage\03_projects\language_management\cjk\03_working_translations\stacks_cjk_20260821\canon\zh-hans-cn\qa\visual\contact-sheets-8E1ADB8F\sheet-219-pages-4361-4380.jpg,649787,6B039637784AA83B61AD03396F1A8028380BF36E7213C5B10B89E3919E5E734B
220,4381,4400,C:\Users\<USER>\Documents\interlanguage\03_projects\language_management\cjk\03_working_translations\stacks_cjk_20260821\canon\zh-hans-cn\qa\visual\contact-sheets-8E1ADB8F\sheet-220-pages-4381-4400.jpg,715087,D4DE6BD7FF4EA80483A36D3E662F080CBBBC4BF0184285DEE8ECD5E75F5FD010
221,4401,4420,C:\Users\<USER>\Documents\interlanguage\03_projects\language_management\cjk\03_working_translations\stacks_cjk_20260821\canon\zh-hans-cn\qa\visual\contact-sheets-8E1ADB8F\sheet-221-pages-4401-4420.jpg,756384,C15FD9FC834092C10BD59CE69726AD38D60C852EA0936B5144AE509D0E5F7447
222,4421,4440,C:\Users\<USER>\Documents\interlanguage\03_projects\language_management\cjk\03_working_translations\stacks_cjk_20260821\canon\zh-hans-cn\qa\visual\contact-sheets-8E1ADB8F\sheet-222-pages-4421-4440.jpg,704498,F58AD2419E372B1D2176CF7050FB60046F9B9921E0364C176CE73337AFD053ED
223,4441,4460,C:\Users\<USER>\Documents\interlanguage\03_projects\language_management\cjk\03_working_translations\stacks_cjk_20260821\canon\zh-hans-cn\qa\visual\contact-sheets-8E1ADB8F\sheet-223-pages-4441-4460.jpg,663743,48FE39A672BCC405E49C92428E9DCD506849513A6F4E7F2D4144E2FA9AE94D8F
224,4461,4480,C:\Users\<USER>\Documents\interlanguage\03_projects\language_management\cjk\03_working_translations\stacks_cjk_20260821\canon\zh-hans-cn\qa\visual\contact-sheets-8E1ADB8F\sheet-224-pages-4461-4480.jpg,693550,7293E64BB9F67EBD99F3CE6B470556819C977F902854DE3096F7B0415BFE348B
225,4481,4500,C:\Users\<USER>\Documents\interlanguage\03_projects\language_management\cjk\03_working_translations\stacks_cjk_20260821\canon\zh-hans-cn\qa\visual\contact-sheets-8E1ADB8F\sheet-225-pages-4481-4500.jpg,686625,2043CE7F1F6331579ABBAC9336293FA08F72A32F9C372EF8B9033F047CED7BA8
226,4501,4520,C:\Users\<USER>\Documents\interlanguage\03_projects\language_management\cjk\03_working_translations\stacks_cjk_20260821\canon\zh-hans-cn\qa\visual\contact-sheets-8E1ADB8F\sheet-226-pages-4501-4520.jpg,683796,F5CE14963FAB0680570DD567824159B8F9658F0467817A1E8F7F5DD95834ECAC
227,4521,4540,C:\Users\<USER>\Documents\interlanguage\03_projects\language_management\cjk\03_working_translations\stacks_cjk_20260821\canon\zh-hans-cn\qa\visual\contact-sheets-8E1ADB8F\sheet-227-pages-4521-4540.jpg,714445,3D49538BB89D64F3A19F578F72D20FA7862EA94B3097F0DF292505A57CBD86F3
228,4541,4560,C:\Users\<USER>\Documents\interlanguage\03_projects\language_management\cjk\03_working_translations\stacks_cjk_20260821\canon\zh-hans-cn\qa\visual\contact-sheets-8E1ADB8F\sheet-228-pages-4541-4560.jpg,665658,DBB389DC5F19D13A7B701DEF45899EBD6EB989596E06AF9CA9BDA4CADC9F4D02
229,4561,4580,C:\Users\<USER>\Documents\interlanguage\03_projects\language_management\cjk\03_working_translations\stacks_cjk_20260821\canon\zh-hans-cn\qa\visual\contact-sheets-8E1ADB8F\sheet-229-pages-4561-4580.jpg,764806,B2F58A69B271D24BBCBDFC6B062D6EA3D34A235F63BECECD452250A2FF33A336
230,4581,4600,C:\Users\<USER>\Documents\interlanguage\03_projects\language_management\cjk\03_working_translations\stacks_cjk_20260821\canon\zh-hans-cn\qa\visual\contact-sheets-8E1ADB8F\sheet-230-pages-4581-4600.jpg,766608,7247F2DAEBECB997689914A8FA3AC878F009DEF372773FB527C3793C4416C4B3
231,4601,4620,C:\Users\<USER>\Documents\interlanguage\03_projects\language_management\cjk\03_working_translations\stacks_cjk_20260821\canon\zh-hans-cn\qa\visual\contact-sheets-8E1ADB8F\sheet-231-pages-4601-4620.jpg,751047,BB489EB588FD747672816CE542918A0E32242022E8DFF51B79F1FB8D68EFB6E4
232,4621,4640,C:\Users\<USER>\Documents\interlanguage\03_projects\language_management\cjk\03_working_translations\stacks_cjk_20260821\canon\zh-hans-cn\qa\visual\contact-sheets-8E1ADB8F\sheet-232-pages-4621-4640.jpg,695257,4B29088D2EB4FCA6D41C668597D885BFB4A492D7AAAF2C7DC845C87AB2A61A6C
233,4641,4660,C:\Users\<USER>\Documents\interlanguage\03_projects\language_management\cjk\03_working_translations\stacks_cjk_20260821\canon\zh-hans-cn\qa\visual\contact-sheets-8E1ADB8F\sheet-233-pages-4641-4660.jpg,715292,7FC17DDB91AC75708686ADABE247734ABD1B7B96F525E105DC00A46DA3E73470
234,4661,4680,C:\Users\<USER>\Documents\interlanguage\03_projects\language_management\cjk\03_working_translations\stacks_cjk_20260821\canon\zh-hans-cn\qa\visual\contact-sheets-8E1ADB8F\sheet-234-pages-4661-4680.jpg,771174,04F9890E344B6818137F4A8FEC378045C1E3EDC069D7B7A61A0FE35B032C0F6E
235,4681,4700,C:\Users\<USER>\Documents\interlanguage\03_projects\language_management\cjk\03_working_translations\stacks_cjk_20260821\canon\zh-hans-cn\qa\visual\contact-sheets-8E1ADB8F\sheet-235-pages-4681-4700.jpg,716120,BA2231DBEEC09ECA0F8570658804A2FAC3BBF105775DB80B397AE85D31219781
236,4701,4720,C:\Users\<USER>\Documents\interlanguage\03_projects\language_management\cjk\03_working_translations\stacks_cjk_20260821\canon\zh-hans-cn\qa\visual\contact-sheets-8E1ADB8F\sheet-236-pages-4701-4720.jpg,706952,E0C6D71261E6E661BB23C74DF170FDB4A6F002241D3A42D780FDDC67F0D1ACB8
237,4721,4740,C:\Users\<USER>\Documents\interlanguage\03_projects\language_management\cjk\03_working_translations\stacks_cjk_20260821\canon\zh-hans-cn\qa\visual\contact-sheets-8E1ADB8F\sheet-237-pages-4721-4740.jpg,679845,0B9C729993AF0C200F68B09DEC9680A885E83C622CDF23F33CCD4FAA5D2944AA
238,4741,4760,C:\Users\<USER>\Documents\interlanguage\03_projects\language_management\cjk\03_working_translations\stacks_cjk_20260821\canon\zh-hans-cn\qa\visual\contact-sheets-8E1ADB8F\sheet-238-pages-4741-4760.jpg,670141,6EFBE3BD6BF6E5E06C56CAA75BF5236F6F5CCB392C77DF89963821CC185A28ED
239,4761,4780,C:\Users\<USER>\Documents\interlanguage\03_projects\language_management\cjk\03_working_translations\stacks_cjk_20260821\canon\zh-hans-cn\qa\visual\contact-sheets-8E1ADB8F\sheet-239-pages-4761-4780.jpg,640456,B5638EF0500D07309B3841EE9418BAD54807FF8DDFAC6B3BD06AB479E5752ED4
240,4781,4800,C:\Users\<USER>\Documents\interlanguage\03_projects\language_management\cjk\03_working_translations\stacks_cjk_20260821\canon\zh-hans-cn\qa\visual\contact-sheets-8E1ADB8F\sheet-240-pages-4781-4800.jpg,650949,DF843D46488CA3FDCFACD5BD54696CDDB09E234993F793E95F8BFDCD1463E6E0
241,4801,4820,C:\Users\<USER>\Documents\interlanguage\03_projects\language_management\cjk\03_working_translations\stacks_cjk_20260821\canon\zh-hans-cn\qa\visual\contact-sheets-8E1ADB8F\sheet-241-pages-4801-4820.jpg,707100,C04727B6D8BEAD93C26FC4DF92429D5A342897CEED7AE062980635215E5143F3
242,4821,4840,C:\Users\<USER>\Documents\interlanguage\03_projects\language_management\cjk\03_working_translations\stacks_cjk_20260821\canon\zh-hans-cn\qa\visual\contact-sheets-8E1ADB8F\sheet-242-pages-4821-4840.jpg,683143,334E9E7956BF5F0E9AF06D0AF77B88EFE2C36A4A3C3F1227E5D63E49E0C434DB
243,4841,4860,C:\Users\<USER>\Documents\interlanguage\03_projects\language_management\cjk\03_working_translations\stacks_cjk_20260821\canon\zh-hans-cn\qa\visual\contact-sheets-8E1ADB8F\sheet-243-pages-4841-4860.jpg,716320,707C93296260F51484DDF82C236D82391A000F32AC35A4E59BBEFDE6EC6271B1
244,4861,4880,C:\Users\<USER>\Documents\interlanguage\03_projects\language_management\cjk\03_working_translations\stacks_cjk_20260821\canon\zh-hans-cn\qa\visual\contact-sheets-8E1ADB8F\sheet-244-pages-4861-4880.jpg,721376,716653001CB4404D63194D654B1AC07F7597FE1F11362688F8B05FF2585E70CD
245,4881,4900,C:\Users\<USER>\Documents\interlanguage\03_projects\language_management\cjk\03_working_translations\stacks_cjk_20260821\canon\zh-hans-cn\qa\visual\contact-delta-8E1ADB8F-to-BB67A7AB\sheet-245-pages-4881-4900.jpg,676546,ED46C10E3EC9DB83FEF388DDFC243C2E26089C4E1AC5470707A29A919C0F17EE
246,4901,4920,C:\Users\<USER>\Documents\interlanguage\03_projects\language_management\cjk\03_working_translations\stacks_cjk_20260821\canon\zh-hans-cn\qa\visual\contact-delta-8E1ADB8F-to-BB67A7AB\sheet-246-pages-4901-4920.jpg,720597,EF2AFB68F90A617D19376133B3D1E4175C5A5F66E086530A8275AFA234BE3595
247,4921,4940,C:\Users\<USER>\Documents\interlanguage\03_projects\language_management\cjk\03_working_translations\stacks_cjk_20260821\canon\zh-hans-cn\qa\visual\contact-sheets-8E1ADB8F\sheet-247-pages-4921-4940.jpg,749606,35FD5AE8F6EC6946480681858EB541E26B882269D6194EAFD475AD7D5C3EFE91
248,4941,4960,C:\Users\<USER>\Documents\interlanguage\03_projects\language_management\cjk\03_working_translations\stacks_cjk_20260821\canon\zh-hans-cn\qa\visual\contact-sheets-8E1ADB8F\sheet-248-pages-4941-4960.jpg,684430,40F1A885F908FEFD2A51DABEE8FA79922B6132A630E0A08619FE00A0A1A7C215
249,4961,4980,C:\Users\<USER>\Documents\interlanguage\03_projects\language_management\cjk\03_working_translations\stacks_cjk_20260821\canon\zh-hans-cn\qa\visual\contact-sheets-8E1ADB8F\sheet-249-pages-4961-4980.jpg,699379,051877DFC2157C858962B0779E5B36E3AFFBD38BB560D23E67C837CD50295322
250,4981,5000,C:\Users\<USER>\Documents\interlanguage\03_projects\language_management\cjk\03_working_translations\stacks_cjk_20260821\canon\zh-hans-cn\qa\visual\contact-sheets-8E1ADB8F\sheet-250-pages-4981-5000.jpg,759557,E95CE9E0256B53547569CDBE41D813BB010527738E8C6E3AB9FB0B563FAFA9FD
251,5001,5020,C:\Users\<USER>\Documents\interlanguage\03_projects\language_management\cjk\03_working_translations\stacks_cjk_20260821\canon\zh-hans-cn\qa\visual\contact-sheets-8E1ADB8F\sheet-251-pages-5001-5020.jpg,757869,A956FE5E59EFF979B2CD44D944A4C3F7783A0551A6FC6661D866F77173115AF8
252,5021,5040,C:\Users\<USER>\Documents\interlanguage\03_projects\language_management\cjk\03_working_translations\stacks_cjk_20260821\canon\zh-hans-cn\qa\visual\contact-sheets-8E1ADB8F\sheet-252-pages-5021-5040.jpg,750815,77F3E085A6F6EBD58C936B2CE0F9E03EBC72C0D098B09ED9B82B8E65AC50927D
253,5041,5060,C:\Users\<USER>\Documents\interlanguage\03_projects\language_management\cjk\03_working_translations\stacks_cjk_20260821\canon\zh-hans-cn\qa\visual\contact-sheets-8E1ADB8F\sheet-253-pages-5041-5060.jpg,693475,B726D6E138B61807C8407D323AFE62AFE4CD7E683ED5C53ADD3C71D2120592CC
254,5061,5080,C:\Users\<USER>\Documents\interlanguage\03_projects\language_management\cjk\03_working_translations\stacks_cjk_20260821\canon\zh-hans-cn\qa\visual\contact-sheets-8E1ADB8F\sheet-254-pages-5061-5080.jpg,714818,A9035CA515B4B2D9CA17B572CFECC3F87DC08472AD5135F93CA31C396CD70D03
255,5081,5100,C:\Users\<USER>\Documents\interlanguage\03_projects\language_management\cjk\03_working_translations\stacks_cjk_20260821\canon\zh-hans-cn\qa\visual\contact-sheets-8E1ADB8F\sheet-255-pages-5081-5100.jpg,683906,DABDC1DF4A9BA49F7FE8570F53C39137EA5B9D9A43CC39CDC272884B61C74043
256,5101,5120,C:\Users\<USER>\Documents\interlanguage\03_projects\language_management\cjk\03_working_translations\stacks_cjk_20260821\canon\zh-hans-cn\qa\visual\contact-sheets-8E1ADB8F\sheet-256-pages-5101-5120.jpg,779158,09250DB382FA4F884A4FA70A69F3633243A0D4A14F25398E0D2D6F96E27680A2
257,5121,5140,C:\Users\<USER>\Documents\interlanguage\03_projects\language_management\cjk\03_working_translations\stacks_cjk_20260821\canon\zh-hans-cn\qa\visual\contact-sheets-8E1ADB8F\sheet-257-pages-5121-5140.jpg,701911,887E2AE6CD3BBF312F5BBEE604234DE6B65E9DCDF881DC147A85893E8D05BE26
258,5141,5160,C:\Users\<USER>\Documents\interlanguage\03_projects\language_management\cjk\03_working_translations\stacks_cjk_20260821\canon\zh-hans-cn\qa\visual\contact-sheets-8E1ADB8F\sheet-258-pages-5141-5160.jpg,707971,66360185622DB169F3DC67FF0A81E1DF0D2FB9B09197D6FCC6D8C9568ACFAC38
259,5161,5180,C:\Users\<USER>\Documents\interlanguage\03_projects\language_management\cjk\03_working_translations\stacks_cjk_20260821\canon\zh-hans-cn\qa\visual\contact-sheets-8E1ADB8F\sheet-259-pages-5161-5180.jpg,733370,D44CB91E1397DBB7A546005F1B64FE964D631AEB56E3C6D1B787C204351B573C
260,5181,5200,C:\Users\<USER>\Documents\interlanguage\03_projects\language_management\cjk\03_working_translations\stacks_cjk_20260821\canon\zh-hans-cn\qa\visual\contact-sheets-8E1ADB8F\sheet-260-pages-5181-5200.jpg,668782,7F883286B8C851DD765CCC4657E04CD33F7E1995FF53353E883442E7387A1081
261,5201,5220,C:\Users\<USER>\Documents\interlanguage\03_projects\language_management\cjk\03_working_translations\stacks_cjk_20260821\canon\zh-hans-cn\qa\visual\contact-sheets-8E1ADB8F\sheet-261-pages-5201-5220.jpg,687024,8ED52054013D19EAB2496E6B8ADA7BE04C6A91AF109E49E5EEF2F59AA9BD5400
262,5221,5240,C:\Users\<USER>\Documents\interlanguage\03_projects\language_management\cjk\03_working_translations\stacks_cjk_20260821\canon\zh-hans-cn\qa\visual\contact-sheets-8E1ADB8F\sheet-262-pages-5221-5240.jpg,694210,7EC872BA3CC810D1FA6898D5F74B69F61A718CCF79DC6EC30ED065C8363F979B
263,5241,5260,C:\Users\<USER>\Documents\interlanguage\03_projects\language_management\cjk\03_working_translations\stacks_cjk_20260821\canon\zh-hans-cn\qa\visual\contact-sheets-8E1ADB8F\sheet-263-pages-5241-5260.jpg,767928,D015514AF62544203EFB228B26C530A3494A23FBB6685A365846C9358E217E27
264,5261,5280,C:\Users\<USER>\Documents\interlanguage\03_projects\language_management\cjk\03_working_translations\stacks_cjk_20260821\canon\zh-hans-cn\qa\visual\contact-sheets-8E1ADB8F\sheet-264-pages-5261-5280.jpg,740803,210937F08081CF276773D042846A5237E370D5BEE78B4535D9AE690EF7D6BD68
265,5281,5300,C:\Users\<USER>\Documents\interlanguage\03_projects\language_management\cjk\03_working_translations\stacks_cjk_20260821\canon\zh-hans-cn\qa\visual\contact-sheets-8E1ADB8F\sheet-265-pages-5281-5300.jpg,719268,23396324C7452453D40E60BAA90F9E96605CE53CF9EF502518CC7645C4BF5021
266,5301,5320,C:\Users\<USER>\Documents\interlanguage\03_projects\language_management\cjk\03_working_translations\stacks_cjk_20260821\canon\zh-hans-cn\qa\visual\contact-sheets-8E1ADB8F\sheet-266-pages-5301-5320.jpg,711983,D5DCE0CCFB878007AC4EABF2E42EF60167DF22FA56A911B63296BDD03CF485A0
267,5321,5340,C:\Users\<USER>\Documents\interlanguage\03_projects\language_management\cjk\03_working_translations\stacks_cjk_20260821\canon\zh-hans-cn\qa\visual\contact-sheets-8E1ADB8F\sheet-267-pages-5321-5340.jpg,741220,AE0F4251E6EDDD4C8CE3E71612F283E0CD32266CD0A62A86F6321A813776041C
268,5341,5360,C:\Users\<USER>\Documents\interlanguage\03_projects\language_management\cjk\03_working_translations\stacks_cjk_20260821\canon\zh-hans-cn\qa\visual\contact-sheets-8E1ADB8F\sheet-268-pages-5341-5360.jpg,722733,BB3AF2DA211A0A21B77850D52E5DAD2F116A9C73625EF4A5701DBF31F2C5BA41
269,5361,5380,C:\Users\<USER>\Documents\interlanguage\03_projects\language_management\cjk\03_working_translations\stacks_cjk_20260821\canon\zh-hans-cn\qa\visual\contact-sheets-8E1ADB8F\sheet-269-pages-5361-5380.jpg,707213,AF5E4F520C5F0247FA578F343BE27E88921B555F8EB55C3889012AA66ED1BD8D
270,5381,5400,C:\Users\<USER>\Documents\interlanguage\03_projects\language_management\cjk\03_working_translations\stacks_cjk_20260821\canon\zh-hans-cn\qa\visual\contact-sheets-8E1ADB8F\sheet-270-pages-5381-5400.jpg,680992,13ED2FAC4C1A25D13DA207002A9BCA9E72634875C43886DCFD62EC301402DD38
271,5401,5420,C:\Users\<USER>\Documents\interlanguage\03_projects\language_management\cjk\03_working_translations\stacks_cjk_20260821\canon\zh-hans-cn\qa\visual\contact-sheets-8E1ADB8F\sheet-271-pages-5401-5420.jpg,684011,362366E344835AC566204C6F0AE208A1B36877B0420F1BF149E52BE3CEB48CA6
272,5421,5440,C:\Users\<USER>\Documents\interlanguage\03_projects\language_management\cjk\03_working_translations\stacks_cjk_20260821\canon\zh-hans-cn\qa\visual\contact-sheets-8E1ADB8F\sheet-272-pages-5421-5440.jpg,676960,6BE0E797244CE3943E9CAEC82CF78E5244AFCCBA85F13F5A0CB24C36FEF7C503
273,5441,5460,C:\Users\<USER>\Documents\interlanguage\03_projects\language_management\cjk\03_working_translations\stacks_cjk_20260821\canon\zh-hans-cn\qa\visual\contact-sheets-8E1ADB8F\sheet-273-pages-5441-5460.jpg,704404,7C705A31A4BA9E1861FE56EE2ECF6FEDA66DA01FAAC42608796616D01D0BF61D
274,5461,5480,C:\Users\<USER>\Documents\interlanguage\03_projects\language_management\cjk\03_working_translations\stacks_cjk_20260821\canon\zh-hans-cn\qa\visual\contact-sheets-8E1ADB8F\sheet-274-pages-5461-5480.jpg,647690,00D8ED3579CD10BB103344C4C07695B58BB00937D14D323548C4FF1E22B6236D
275,5481,5500,C:\Users\<USER>\Documents\interlanguage\03_projects\language_management\cjk\03_working_translations\stacks_cjk_20260821\canon\zh-hans-cn\qa\visual\contact-sheets-8E1ADB8F\sheet-275-pages-5481-5500.jpg,609548,FD89490F3A49EB5BDABC8DC7891EA4015BF3292C54C1ADF0CA7FE1F0610D9AB4
276,5501,5520,C:\Users\<USER>\Documents\interlanguage\03_projects\language_management\cjk\03_working_translations\stacks_cjk_20260821\canon\zh-hans-cn\qa\visual\contact-sheets-8E1ADB8F\sheet-276-pages-5501-5520.jpg,742758,3EDE0A9959C6D6F2C0690E46880FB6C5EF6FBBE235FAB0120C6D29F09B939597
277,5521,5540,C:\Users\<USER>\Documents\interlanguage\03_projects\language_management\cjk\03_working_translations\stacks_cjk_20260821\canon\zh-hans-cn\qa\visual\contact-sheets-8E1ADB8F\sheet-277-pages-5521-5540.jpg,802763,97EE54393ECB4994C4C53C3197477CEF701AAFF0375B0BB16CF1A33BEFF106C4
278,5541,5546,C:\Users\<USER>\Documents\interlanguage\03_projects\language_management\cjk\03_working_translations\stacks_cjk_20260821\canon\zh-hans-cn\qa\visual\contact-sheets-8E1ADB8F\sheet-278-pages-5541-5546.jpg,274567,79B7EE4FBACF70E5759A81CEB85029B8AE271C32E58A009612C382732767E209
