page,filename,bytes,sha256,width_px,height_px,mode
1,page-0001.png,98139,3A810B4B70B0727425C292B60A2CF5D12999CD2BD9123E0E05F7547CACED479E,1654,2339,RGB
2,page-0002.png,530428,48574524B090CABC6BC4F446E208853E6F6B3258AE4A0931AFA6C5A7A26717F4,1654,2339,RGB
5,page-0005.png,316642,1A8EBBE0FA333ABEF05E56A6AC97F10EFCF5D79EA9475B922127F39C2FB68E7C,1654,2339,RGB
6,page-0006.png,326823,5EB844EB97803CF2B94D06C1C3920CB417E892AFD0A962A78DF482E7866AAE09,1654,2339,RGB
7,page-0007.png,343562,F8C01A7E662E1A3F1385DB2A785E7F81FE964684B66AD0AF79A716EB9C4A3438,1654,2339,RGB
9,page-0009.png,331049,354F7DDEFB519D310EFE13EF1A79E42C49459D2C2B93E0A42FCA54409A7B944C,1654,2339,RGB
10,page-0010.png,350484,A612CEAB2A8D28B6B9C9F53B54CCE653DA0FE8DB0C1F627BBE3B894C9F76C98C,1654,2339,RGB
11,page-0011.png,402264,C8D5156063BEE316E91F8895DD49032A1F5AD2568BCDA001CDBC5F09ABAE2118,1654,2339,RGB
12,page-0012.png,433600,042D0A4331F2DBA080C1EEA6534706E57FFB1AFFB7FFF9DEEBC0C87808630DEB,1654,2339,RGB
14,page-0014.png,377429,ADC288B2E8BE5DDF1C485D51CA29F9482E1C47425047E63D8DE70B6837C162A6,1654,2339,RGB
15,page-0015.png,388916,03F1C3F0E66CDDCA56964F9D8D72FDA27BF0FB561902856D5DBBA7B81F0CD6C1,1654,2339,RGB
16,page-0016.png,403489,F3E992B8CC15A5746334D5E2FDD045C21BB9CA554B6B71EF522A599C04AB8DA1,1654,2339,RGB
17,page-0017.png,382365,AB418E10C9EBDF8103BE1C99FB1CA1B700BF544493711A7BE6AA291546C451BA,1654,2339,RGB
19,page-0019.png,357989,51D2B56EEB1BB166579378FE1B9B8C3F8DA75167E1C05CC358FC5D9FC7DB96BB,1654,2339,RGB
21,page-0021.png,410347,81A41869CB2F39F5D18A55ED6F51993345E0597CD96BF8457523397C4430073A,1654,2339,RGB
22,page-0022.png,367533,AB15F5F2D1A354657DBF8A749087E677F05559BEE16DC172E0FB4A4640A715EA,1654,2339,RGB
23,page-0023.png,370079,62F891BAED41BAE202A21FD391EC219EF43A0FEC667A20B2AB04D52D23451FBF,1654,2339,RGB
27,page-0027.png,399900,5C069DE565A1F449B4464BA617F8EE5310BE6480887829A92871C9024ACEB064,1654,2339,RGB
28,page-0028.png,417446,4C99A72E4EE1C079FD28C9E330B0C320309BB05BDC2B618F44462A9D2561C9C6,1654,2339,RGB
29,page-0029.png,424037,840E4BD0E3D578A7102845B5B0FB33FE64DDCDFE22DEF1F236D3C05BF022CAE2,1654,2339,RGB
32,page-0032.png,417120,3AD6C6EAA33E100517E36148B4B63D65D7B2751BBC681769BAA153659D9133D9,1654,2339,RGB
33,page-0033.png,441003,0094F0EF5D2A785AA895D05B4F9EF03814FC990EFC2297878B9CD9252035E078,1654,2339,RGB
34,page-0034.png,436681,BD659BBBCB72F6AB03A63DAC7686B84F31D809B24E81E083EB74AC4875A0EF9A,1654,2339,RGB
35,page-0035.png,422583,12ABE698F6522670D64C27EC88CDC31BA13F180E189A67208361EB87951EF958,1654,2339,RGB
37,page-0037.png,397349,2727A1BC45EA1580D8CB661C00137A06ADCFB79BDD86AFD10F3E6EE412B913E0,1654,2339,RGB
38,page-0038.png,423936,63793FD9A4562564C1BBA02435E36D0545B8069C255360EAF75A4BC97D601A26,1654,2339,RGB
39,page-0039.png,371890,3B5621B8FAC740688AA1BAF33469D9ED998D5F8315AA705F8205B57FBCE9A9B8,1654,2339,RGB
43,page-0043.png,435494,7F314E84E0FCFCFD69DBA65081FEA206B3AA189674940759B7FBC341AE55E86D,1654,2339,RGB
44,page-0044.png,397667,AC2D83BE3840B26D3C606BDA962E36BB54738B4D1F6FB8A44562BCB9F62088FA,1654,2339,RGB
49,page-0049.png,398367,C9607FD6F4D5AB840039FADD09B7B081BC18EE8A5D46F8F822F740B102DBDCD7,1654,2339,RGB
50,page-0050.png,397587,E270DB17FF801416ACC00500CF73B4C80E89CDF0CF7E5B9EFDCF40A82F690E07,1654,2339,RGB
55,page-0055.png,433196,51227E7F9DB48F3C4BAFC84795F04F53C0E8DA1816F06DEE2F4273E8EF19CAD2,1654,2339,RGB
57,page-0057.png,385805,8DF958C8AB35EC01E9549466D041A93DC9AA9430BD0F428721D1CADEF2D1F89C,1654,2339,RGB
58,page-0058.png,385484,E48AE9524D33E44234449297B40CFCBB18823283ACB6CD6CF4031171EEEF438D,1654,2339,RGB
60,page-0060.png,433841,2D4625641B7E293E7C78103EEE71735F065511512DEC21945BFBF6B0D03B83CA,1654,2339,RGB
67,page-0067.png,399526,6C8D4DB6B11F93F027A5FB1F4ED48C2C1588B3483AD7E109670417F7F3C5591F,1654,2339,RGB
68,page-0068.png,437694,89EDAB3BA21DA73E695C5557451DB7B9B07D183929ABD4287EDF50F115A035CD,1654,2339,RGB
71,page-0071.png,566933,206C2E5E99E0BAEDA0BCD3F989A5ECA67E3027B891E0942D647E40CCC13C4F4E,1654,2339,RGB
72,page-0072.png,414145,0CAE136B28E79FD4C92E87EB67920682FF96EB0C312547E3D56606A5E0990641,1654,2339,RGB
73,page-0073.png,432926,F3308D5874F173CF9519DDFE77170EBB22406EBF4B4423CE22C1587E1794C30C,1654,2339,RGB
74,page-0074.png,396907,137AA09D4120D73D7008CD37BD4A8D0CF4229FB5435A8C48A2576636C2ADF4A2,1654,2339,RGB
75,page-0075.png,475640,86A6816CCB7A90633C2CB1F6BF354AA22BCBBA2958F551368DAE59DBAA82C640,1654,2339,RGB
76,page-0076.png,598904,0D7D5558FFAF35DE33ACC612F3416A03506F202B513068015EDE1F4E15696FA2,1654,2339,RGB
399,page-0399.png,437581,A51FCEEF2DB7FB4B7DF96E2FF0AD80659B0751B63AC22A8E0439511FD6B99440,1654,2339,RGB
400,page-0400.png,594111,9F023EC32019840B7A545E79A5E95EB50426C0878DEC7569F8AB4EB2B900F385,1654,2339,RGB
536,page-0536.png,542093,73E1695F447A59BA086DC45D3598A2B4E4576A54B1D39DE81FCE98B3DF274963,1654,2339,RGB
700,page-0700.png,521874,C153736C34A7F80A227E943D7D76C29D396879BD59B74A1E8EBCEC00EFABC6A8,1654,2339,RGB
765,page-0765.png,162002,F31132BB73FFAFC6B1AD1875A936F4D5BF5AE141EC184A68E9F0E81775B0C3DE,1654,2339,RGB
785,page-0785.png,497817,412FB5040CC37DBB7D4430831C8AB57352B281C6E7A2B3B5FC6EE99F2BB30E91,1654,2339,RGB
894,page-0894.png,546728,D868B7A84C96E8CFB13A0A2BD022DB5D99B0F1DA1007DA265379BEC6377F1AD3,1654,2339,RGB
914,page-0914.png,655566,B3317036AE249F9F04BC56115E16027781DB0EE853EBBC7A78C54BB42CEB3920,1654,2339,RGB
936,page-0936.png,382417,3BF49787524904EA3FD5D4CAFCD96F073BC73B9ADA2D2DEFD4ED3E2C59C8B7F7,1654,2339,RGB
1018,page-1018.png,694671,CCB1BDD8F16D36B6624EB0C3645313D450751A992885B139BCF797EDC67BEF64,1654,2339,RGB
1046,page-1046.png,441239,955CEDCE213317A8C8954D32B744AA1C8DD118DAA418410F98786390B163D79C,1654,2339,RGB
1055,page-1055.png,502620,B7414A09A577235812CBEC1D9D4AB02436862EB9094973128ECC6D61BB1193DA,1654,2339,RGB
1145,page-1145.png,619659,145C0807F92600AA989FD88305FAFBD6947CEAA7C66B4CAFDC46A96D1A467F36,1654,2339,RGB
1151,page-1151.png,655495,6DAD4AED02CA55D530F9C32FCFE0F980E43451088709A9FEF0917B283F106E68,1654,2339,RGB
1158,page-1158.png,713172,602AFC203891ECCCBB2A7C101700AE52F080DEC2CC80424C685DA67842328865,1654,2339,RGB
1159,page-1159.png,567892,A4E30171643EE8DC21671BE281C1DE9CE8E9818B772A7E9429CDAD40A4F8F9AE,1654,2339,RGB
1164,page-1164.png,605272,F11C5E2DF3948D0251888FB96A85224B8DCEEC0920FCDEA8648DAFFACE3EA4B7,1654,2339,RGB
1165,page-1165.png,632704,3903BF24FE5281F8141BD16CEC16A0DA9AACA1023744B7068E5AAB6EDDF6881C,1654,2339,RGB
1190,page-1190.png,575236,F625F4677228DA836E6230177648686AA165D621F9BB67A5F3E63438D324234B,1654,2339,RGB
1196,page-1196.png,590931,A22E14A265E6FBF5521FF91E79225D6881779F88B11DDE95AFE8F5F3EB2E7525,1654,2339,RGB
1207,page-1207.png,497538,3AE6027F69FCC4386AF873B0F8E713F76B3A3A95F8D64A89166FEBA273886A85,1654,2339,RGB
1212,page-1212.png,609919,76871E32ACD56EE67CDC1A1C9936D92C9AFD2FAA152FE07C7A8C58E16811B9FE,1654,2339,RGB
1311,page-1311.png,641837,6F1A7153917CF4656ACF9ACA8AE460A920A397AF9CD548DD0EE455461D0B0951,1654,2339,RGB
1314,page-1314.png,589575,CBB79F609DD186A0687AFADF5B0653CDC7D23E93BEA8B1B4EF2CC8454AF42803,1654,2339,RGB
1321,page-1321.png,566882,C798D15E5DC68A76921B46E834026CDCDAB556CDF5DE236133D09CF34E2FBAF2,1654,2339,RGB
1388,page-1388.png,541234,95359C2E0ABBB80BA1A5CFFB61C844DA02ACCE7B82F618B1F7C01D707998294C,1654,2339,RGB
1499,page-1499.png,313182,0AB6AF5A33B2E701372ADA35BD85379DBC2602D4DE5E6916C321B7BC7CB2D7C2,1654,2339,RGB
1515,page-1515.png,248118,8FEA290F3A2F803E809229D2EF0DBD5178191BB2F2434DCF6447F24183D0F7D2,1654,2339,RGB
1516,page-1516.png,327954,A4D19DFD137B8D6AF6CE77E133F826C2920E3715BFE9C3E6E0EDEACFC4F1F31A,1654,2339,RGB
1523,page-1523.png,387999,FE2948F1EA7BDB732D252176F56BB56261119C870B5CD057D9453C5635B3E9CA,1654,2339,RGB
1528,page-1528.png,515091,FE352E8687E4EB4621CBBF17839A8CF93A8422F42060251B3C642F6A070284B2,1654,2339,RGB
1541,page-1541.png,595269,40D0A58D786F546E78F09A822665535DF604E977CB170176C8E82B35491FB07F,1654,2339,RGB
1542,page-1542.png,556885,1AA5370BEB6662D07A845F06F70C4FA4797C27F5C996913E62B30112ED9DFA59,1654,2339,RGB
1560,page-1560.png,455030,5002196C764C4F1C765AEC6FC6194087EC74765F05E126B5C8EB3CA794B4365F,1654,2339,RGB
1614,page-1614.png,511282,CB7BD4947CBAFE1132C72990072652727847A98B499AFF46AAEF0D129A513703,1654,2339,RGB
1636,page-1636.png,553677,965AA2948F2B214DD0C7595994CAEA183C2D0F44128B20FF4977BA33D2249D04,1654,2339,RGB
1683,page-1683.png,476675,CDE4E538EE752FA8E15620DF6DF17E31F8BB1958002367070A7049FB5D43C594,1654,2339,RGB
1700,page-1700.png,529371,1F461447B078FA586E58F86106840A481634757ED50B2948B857774397B2E0B3,1654,2339,RGB
1796,page-1796.png,505411,2C13F1339729014B1A6FA6DB8B82B063FDE428E8C6112CD0124884729BBBF54B,1654,2339,RGB
1878,page-1878.png,689316,7B101EE2CE1F171B7CEF109393D13C13AF6434AE1BF69B2E441F802C2B43F8F6,1654,2339,RGB
1909,page-1909.png,485758,79CDCE479A8DCE306E06E1000F4D663A0503BA586EE037EBC87423AA64E70F86,1654,2339,RGB
1947,page-1947.png,729794,201B07274E03A91B32F347DA9974AF12608E7D0C6BDCE42D2DADE9879E75063B,1654,2339,RGB
2097,page-2097.png,693184,54321B34B5410F32FE03FAF27BA402DA574E8F4F4773289AF8A3614480A83F9B,1654,2339,RGB
2125,page-2125.png,257528,270B7A2DA1DBC60E0DFD4C902909F629F3B2BCFD49A7098CC54C1B93EF23B7A5,1654,2339,RGB
2165,page-2165.png,778224,AF4AABA14AA366E05878B8D6157DA37B6E1B7753B481B1ABB1A37F7A05A078D9,1654,2339,RGB
2197,page-2197.png,619184,F99AB7A34C0468E464738B8F3E9078BA6F129136A423CA0D374CF67591C99D9A,1654,2339,RGB
2241,page-2241.png,55922,17BCA757C43F8C74236AAD6BC8EF84BBF46B518F3840BBC1B0C6BA41B065ECC4,1654,2339,RGB
2252,page-2252.png,653937,D41E92ED87DFDE06FC7AF770D3D7FC5C2A92A5DA3B0B4A61D5D3DADED793BBC2,1654,2339,RGB
2253,page-2253.png,704968,0536356014CA3D66B112B7256695F130B3A698390B127A64FE6175F1D3D765EC,1654,2339,RGB
2274,page-2274.png,718796,2807D51310302AD82C178472612C31E27380CDEB469A45E225DE5B88ED91DC14,1654,2339,RGB
2302,page-2302.png,726521,BE38F7003218669B0104268C367BEB90DD9FA5FAE5756B8E5AF8BEA5C1540A13,1654,2339,RGB
2315,page-2315.png,641792,A9B8321728AE6CBF5A44F238F286FC94F4C2FAB6C5B5D49EC023EE1C21C9C5AF,1654,2339,RGB
2343,page-2343.png,850763,87230B80E5B5D010FEC80C6B28311FB353013821BDCAE101CD70CD5FE87879F9,1654,2339,RGB
2384,page-2384.png,642838,A901DFD78DF99D38054B973D6CB37DA9E4E2255CD8AFC02C5A0FB165C801FC8E,1654,2339,RGB
2387,page-2387.png,572856,80CAE5DBFBDC5E2D1E3CE5714D10CE228602C3554ABEBCD15E541CCE3225BE88,1654,2339,RGB
2461,page-2461.png,661162,25300DEA7B776C6333FFA0D30845515F1670D261006F78174DF89E53330A35FE,1654,2339,RGB
2488,page-2488.png,920197,60D1D814E9C00C8E9A93DA678738DEB0CF62E2E1611D015FBB43F8C7C52871B7,1654,2339,RGB
2564,page-2564.png,724624,D7749688C3DD2EC01732AE97F8B3074B0AE1B8F2A9AFBF88556E20B47DFA65A4,1654,2339,RGB
2743,page-2743.png,501495,07550EDA29EE376E023C99305C37D722DC17E9CAFDC4334345F45E82AE77762A,1654,2339,RGB
2904,page-2904.png,659955,D64236755C82DB28F85E8B6CE1B4132CBDC03E444473A21F103CE4ED5F542FA1,1654,2339,RGB
2953,page-2953.png,358424,C7AFB4B89E0ABAFD8599BC4328B7F7A3FF0F5EDD85DA4174A1C63EDD90F8B775,1654,2339,RGB
3012,page-3012.png,570553,006BC747371A72DC8681D49B8CCAD83D9E5E5B7996190651B4A72AA09A924527,1654,2339,RGB
3087,page-3087.png,576467,AD6E9E6BFC18431574EA9EE616D94D47E56C8D13B75BFA4C05056EDA6C7A0D96,1654,2339,RGB
3102,page-3102.png,643142,39CBB920B4A5D443823FCA2EA02B90109FF5E957A6ADF6D77063761C0D9E446E,1654,2339,RGB
3107,page-3107.png,631305,1C7D899DFAC33880DF94860D0E9F50FC47DED385EC548951B065D6505BF7A993,1654,2339,RGB
3146,page-3146.png,553234,261E8CF239CDF218C8A427F6835404EDFACB02D434A10B116EC3BB99867E7361,1654,2339,RGB
3168,page-3168.png,629569,786A95D80970C6A6435B4983E081F25582F551217443B347039E215A206F1F5E,1654,2339,RGB
3181,page-3181.png,596352,732FA12E301D62F74156E597EB9683C16EBF69F5B8CA473F515EDF4B540E9CEF,1654,2339,RGB
3210,page-3210.png,583188,BEA7DFB77D5BAEB2B8E8D1750B2175E1286EBE859B88AD244BC807129198DC8F,1654,2339,RGB
3211,page-3211.png,643275,C9D68FF25C27B27406D21F782138ED2F243A914242B69071BE38EE9CB907C118,1654,2339,RGB
3341,page-3341.png,531320,8213C650535A64BF4433D63F676EE8CD48668B091ACF704414553B0BD2807344,1654,2339,RGB
3342,page-3342.png,451360,18A41007B02C6622B3046097D52997FDF52610936B2EAC96890B77D5B849C909,1654,2339,RGB
3553,page-3553.png,570728,884F0233C32DD9840A2DA97D98CB03ED72896CFB4D6322D817767F72E2EEF8A6,1654,2339,RGB
3674,page-3674.png,741511,7340CD78FC474B7C6A4F80BD34A08312FB5144509CE9D4E985A310101C204987,1654,2339,RGB
3831,page-3831.png,516172,0714D714DA78BF3322CB12899A5C8A6A4E1BA53B30AD10AAF78ED43C039A08DD,1654,2339,RGB
3969,page-3969.png,726178,430DEB810A8970D2FF364BC9CA5180528C0A39BDDDD00B6F02ACFF7595039799,1654,2339,RGB
4082,page-4082.png,745101,4C4F376EA686BAD29C1915C40337D7BB34DA44D02D870C8B0D2925B09021E4EF,1654,2339,RGB
4125,page-4125.png,457886,2E43BF3DABE808EA95C17CBF8E33AC265C19C7ECD7711583DDDAD2528FDE53D7,1654,2339,RGB
4132,page-4132.png,783788,0755C0CFBEB678957EDBC8969D73828677F77695535BE2C81A273EF0CDB78E64,1654,2339,RGB
4152,page-4152.png,72724,59F78D98B88CDE9F8B503F12955DB0CA7E6A37E147D425BFF0B9363BC35CD59E,1654,2339,RGB
4153,page-4153.png,531481,67A41A48F6B209980AE6C0EFD52B05D234451E4388AF56347EA925743CCCF5F4,1654,2339,RGB
4210,page-4210.png,642830,04F52EB9A9BDC520DCD89F4BD94EFF53A970624F51EAAB3DBE735FACD121B319,1654,2339,RGB
4211,page-4211.png,517266,D7F67A10C5DEBBCFEF452C08B4D18E339EFDE6F919C5CDAFD33EC11D3C39A868,1654,2339,RGB
4319,page-4319.png,66039,7A1A554EBBB9DA91277447F373CF15167368946E6F4D355D5C635710F5E96D21,1654,2339,RGB
4320,page-4320.png,513958,A4A28745C8729102614CAFDE9C01F944FCCF979E1C56485E55CA5434D74F5278,1654,2339,RGB
4339,page-4339.png,653722,33F1C9F466855ACEC354349D2CC2C42725C15FEDC77A5EB383F10C65EC6F3D44,1654,2339,RGB
4340,page-4340.png,544581,3D3BACB28E99DD20936F3B6086A2A71A236A4FA32EA10DDA0227AEFD068B6839,1654,2339,RGB
4370,page-4370.png,201387,6CA6892E2C20B72BE8B6CE3B638F87820385477ACEDEBEE7D3ED2E3779FECC44,1654,2339,RGB
4475,page-4475.png,536486,EEB6CD52162D118A981DDAEF50F57FCDAE35EE03684251BE9C7365CF02C388F7,1654,2339,RGB
4552,page-4552.png,326715,B1722668ADCABF2860FA9E8DFC23D176050B83CA5ACB023CFD320B5585D79ADE,1654,2339,RGB
4560,page-4560.png,699105,5CB91EAB1DFFB6BCBE14F11CBC8E0F3A5EA9672F246D043E0C4FD0A2412DDB55,1654,2339,RGB
4630,page-4630.png,495387,CC81AB271DC137EE6E0DA92DD83AF5BA4AC890D7314BF49462F184F10D2FD869,1654,2339,RGB
4639,page-4639.png,618806,83E20B5A54565CD6CDFC1CD7E7764947DBA7B6CC28D2580FD69EFDE98E7B7828,1654,2339,RGB
4752,page-4752.png,394608,0031B7867C994A0C21E4B8FB08F6DEBBCA5B329162B50E8CCD62AA6652010355,1654,2339,RGB
4771,page-4771.png,619578,D497F3FF4348EA4CFDB7FA595033687776946545EF2C2DED884D067EF38B8F4C,1654,2339,RGB
4789,page-4789.png,468562,877A131F1B886167302D899F54902351E6BE985BFCFFAD060BAC73C409EBFBCB,1654,2339,RGB
4840,page-4840.png,542049,A59BEF886D9642C7CDDAFF4FE78B97E8DCABEE9646F2B780CCE2B5E429DDE047,1654,2339,RGB
4894,page-4894.png,672763,7231166FCAA5E177B759793BA07A76E35639F24F359FA992810AC7325E7455B1,1654,2339,RGB
4896,page-4896.png,664849,F811A868C2A350302C9475B980AB486EAB0DD4740FDD063F755FC34E6B0324B9,1654,2339,RGB
4901,page-4901.png,600586,827B3943F19B72B2CDF7E667392F34EAFF4F1F984EAF4E1BA3E471AB34AD28DD,1654,2339,RGB
4909,page-4909.png,720396,0DBA8A7910B176431B1DFD00300A6B5D2CC54516946DA0840FABC921E1C6AF2F,1654,2339,RGB
4911,page-4911.png,606191,DF35AE3C8C89CB8F5A675AD0F45FA18BF276584E523B4A17A43993379A4EDA88,1654,2339,RGB
4914,page-4914.png,471895,DB49B22F9CD6CA72F531EF643BB6AD73901DA4C711167A27A3C65792CE8E5CF8,1654,2339,RGB
4915,page-4915.png,561548,FC702EFD6AD0C504021AA1CE1203D98FB223785C9375F5572761E9EC0A1C2F5D,1654,2339,RGB
4916,page-4916.png,670778,2B8A18221046466AA4DD8B25331DDB8DF25D054D2460799984A0063EE36FD3F9,1654,2339,RGB
4918,page-4918.png,655895,4F267156D00C1E4577EB7DAC5F26F12EEE14249DABD138445F22C9272847AFE2,1654,2339,RGB
4992,page-4992.png,842214,5BAE5E371F40B753D9798F5D5576E4C69EC79EF762A11668B59BF67C1D172D49,1654,2339,RGB
5143,page-5143.png,709149,8FD8370D0C5F3A9C89EAA9F8DBB4A8F132AF4F330B63C1B70DBF3F41672F9D42,1654,2339,RGB
5194,page-5194.png,667868,703CEF36EE9F9CA3E5EB1E55C341B019A7776C79B38A0C3E21F47F0342AC64C0,1654,2339,RGB
5430,page-5430.png,611554,5FCBF9390FD357FA0CA799A5D9454D4FCCBBB20D4719FB0F0C33CDF267E14B32,1654,2339,RGB
5539,page-5539.png,707047,B8542C0542968603F0B7CA7DEAB81C3275DB2F35B402CFE143D27630816552A0,1654,2339,RGB
5546,page-5546.png,724069,18C8FF079756F370D0A3AE1D41EEE58DA7063B3CCB58315886883507D23620C8,1654,2339,RGB
